2021-01-03,b'RT @tommyyayo1: $BWEN watchlist A\n\n\xf0\x9f\x94\xb8 ok fundamentals\n\xf0\x9f\x94\xb8 nice price action\n\xf0\x9f\x94\xb8 strong group (IBD 8/197)\n\xf0\x9f\x94\xb8 huge volume flowing in lately\n\xf0\x9f\x94\xb8 broke\xe2\x80\xa6'
2021-01-03,b'$BWEN watchlist A\n\n\xf0\x9f\x94\xb8 ok fundamentals\n\xf0\x9f\x94\xb8 nice price action\n\xf0\x9f\x94\xb8 strong group (IBD 8/197)\n\xf0\x9f\x94\xb8 huge volume flowing in lately\n\xf0\x9f\x94\xb8 broke out of the long base \n\n#HTF candidate \xf0\x9f\x9a\x80 https://t.co/7BLo4PVfaN'
2021-01-02,b'Ranking of TOP100 : US Equity Performance\xf0\x9f\x93\x9d\nThe attached list shows the following sorted results.\nHave fun for trading in 2021\xf0\x9f\x8e\x89\n - Weekly / Monthly / Annually performance\n$BTBT\n$UUU\n$BEEM\n$TCON\n$BWEN\n$GP\n$PDD\n$CLSK\n$RIOT\n$SOL\n$TRIL\n$FUTU\n$NETE\n$FTSI\n$SI\n$STKL\n$OIIM\n$TSLA https://t.co/hLZh64c76S'
2021-01-01,b'RT @bti_trading: $PACB $SPWR $BWEN H4\nJoin the winning team and make 3-4 figures a day with our stocks signals.\nWe cover all asset classes\xe2\x80\xa6'
2021-01-01,b'$PACB $SPWR $BWEN H4\nJoin the winning team and make 3-4 figures a day with our stocks signals.\nWe cover all asset classes and many timeframes.\nYou won\xe2\x80\x99t need to work on the signals anymore.\xf0\x9f\x98\x8d\n#bti #stocks #NYSE $NASDAQ\n\nRequest your trial for 10\xe2\x82\xac only : https://t.co/ptEoRUsdva https://t.co/PECDy0bPWn'
2020-12-31,b'RT @MarketChmln: Top Stock Gainers $UUU $TCCO $IMMR $CANG $CSTE Top Stock Decliners $ARCT $ACY $ATNM $BWEN $ASLE https://t.co/cMFgZFIhQ6'
2020-12-31,b'RT @eWhispers: #earnings before the open tomorrow \n\nhttps://t.co/lObOE0dgsr \n\n$WEN $SMG $HLT $BBSI $PFGC $IONS $HLNE $AVA $BWEN $SBGI $FUN\xe2\x80\xa6'
2020-12-31,b'On watch tomorrow for breakout and/or continuation:\n$XXII over 2.50\n$BWEN over 8.5\n$SLDB\n$HNRG\n$BNGO \n$HL\n#stocks #daytrading'
2020-12-31,b'$AR CEO To Release Details Of New Joint Venture With Unnamed Nasdaq Traded Stock Following Talks In South Florida \nhttps://t.co/Mv3xmUJu9A\n\n$ALVRQ $HQL $NMKEF $BWEN $DBSDY $ALPMY $HIE $CVVUF $VTNR $BBTpD'
2020-12-30,"b'Huge Print $BWEN Size: 1826366 Price: 8.09 Time: 1600 Amount: $14,775,300.94'"
2020-12-30,"b'$BWEN - a few thoughts, this is a week old now but should be of interest if you care about the name. \n#wind #renewables \nhttps://t.co/rKMQlUmSYy'"
2020-12-30,"b'Market mentality:\nAll we gotta do is buy the stonks that\'ve gone up the most this month week and quarter cause of ""window dressing""\n$EXPE $LYV $LMND $VSTO $AA $BWEN $FCX $SEDG \n$IWM $SPY\nTrading is so F-ing easy long as ya been buying these!!'"
2020-12-30,"b'$BWEN well it didn\xe2\x80\x99t go down, let\xe2\x80\x99s see how much fuel is there'"
2020-12-30,b'@ZmansEnrgyBrain $BWEN Trading above acceptance (8) now....bulls still in control here.... https://t.co/u80AGLt5Rr'
2020-12-30,b'$BWEN not long but watching...if it\xe2\x80\x99s not going down then...squeeze potential'
2020-12-30,b'$BWEN Dang missed the breakout. Could still do 90% or so. https://t.co/BF8IWaStbt'
2020-12-30,b'@ZmansEnrgyBrain $BWEN Back to previous acceptance at 8.... https://t.co/pdiRzYbbIf'
2020-12-30,b'$BWEN \nBuy back $7.76'
2020-12-30,b'$BWEN 10$ incoming . Lion sales 8.10 but before 10 I don\xe2\x80\x99t sell any https://t.co/gfNAojk2SH'
2020-12-30,b'$BWEN trade played out exactly as expected... 4 --&gt; 8.80 in  a nine day cycle... interested to see what happens next with this one. \xf0\x9f\xa6\x9a\xf0\x9f\x8d\x83\xf0\x9f\xa6\x9a https://t.co/DS95HeUJ6G https://t.co/46uTLOkLAT'
2020-12-30,b'RT @bti_trading: $BTBT $OEG $BWEN 15m\nJoin the winning team and make 3-4 figures a day with our stocks signals.\nWe cover all asset classes\xe2\x80\xa6'
2020-12-29,"b'RT @Turbobob129: Stocks to Watch for December 29, 2020 for $AMRH, $AQMS, $BEEM, $BWEN, $CLSK, $CYCC, $DPW, $EQOS, $EVGN, $GEVO, $GP, $IPOC,\xe2\x80\xa6'"
2020-12-29,b'Results: Intraday max move down from alerted DOWN prices: $BIOL 14% $BWEN 2% $IMMR 4% $IMTE 21% $KOSS 18% $PHIO 8% $TCCO 42% $TENX 10% https://t.co/oAk4IGMPJz'
2020-12-29,b'RT @zorgnak: @ZmansEnrgyBrain $BWEN  10% reversal today on high relative volume after being down big on the open...... https://t.co/ZXOO4Im\xe2\x80\xa6'
2020-12-29,b'$BWEN POPPED 13%  Price $7.83'
2020-12-29,b'@ZmansEnrgyBrain $BWEN  10% reversal today on high relative volume after being down big on the open...... https://t.co/ZXOO4ImQjr'
2020-12-29,"b'Stocks in Top Losers today: $BWEN, Current Price: $6.87, Change today: -20.51%, Total Traded Volume: 1,208,281 https://t.co/Rc5PWGRiCo'"
2020-12-29,b'Today\xe2\x80\x99s Top % Losers:\n\n\xe2\x9e\xa1\xef\xb8\x8f NASDAQ: $ARCT $AMRH $MKGI $MAGS $BWEN\n\xe2\x9e\xa1\xef\xb8\x8f NYSE: $RMG $QS $JOE $GF $CHS\n\xe2\x9e\xa1\xef\xb8\x8f AMEX: $ACY $ATNM $AMPE $AWX $NES\n\xe2\x9e\xa1\xef\xb8\x8f OTC: $AAWC $MTVX $WLMTF $DRNG $YRLLF https://t.co/H199LP4ZPl'
2020-12-29,b'Top Stock Gainers $UUU $TCCO $IMMR $CANG $CSTE Top Stock Decliners $ARCT $ACY $ATNM $BWEN $ASLE #MARKETS #EEUU #Stocks #options #trading #money #investing \n\nhttps://t.co/nWflW4Fwzv'
2020-12-29,b'Top Stock Gainers $UUU $TCCO $IMMR $CANG $CSTE Top Stock Decliners $ARCT $ACY $ATNM $BWEN $ASLE https://t.co/cMFgZFIhQ6'
2020-12-29,b'RT @bti_trading: $BTBT $OEG $BWEN 15m\nJoin the winning team and make 3-4 figures a day with our stocks signals.\nWe cover all asset classes\xe2\x80\xa6'
2020-12-29,b'$BWEN buyin the dip . New valuation in 10$..'
2020-12-29,b'added $BWEN to the watch list.  big break yesterday and now pulling back to the area https://t.co/N7PY7Hm68s'
2020-12-29,"b""Commented on $BWEN - Broadwind Wind - Their 'Think Big' Slogan Applies To 2021 And Beyond. https://t.co/z1wwrtexJV"""
2020-12-29,"b""Commented on $BWEN - Broadwind Wind - Their 'Think Big' Slogan Applies To 2021 And Beyond. https://t.co/NyXAHHtKbO"""
2020-12-29,"b""Commented on $BWEN - Broadwind Wind - Their 'Think Big' Slogan Applies To 2021 And Beyond. https://t.co/tQ2bh2WdLB"""
2020-12-29,b'Analyst Watch\n\n$BWEN - J Rice today ups target from $6 to $10. \n\nOur note from last week: \n\nhttps://t.co/rKMQlUmSYy'
2020-12-29,b'How to Practice Stock Trading Without Risking a Dime (Paper Trading?)\n\nhttps://t.co/GGrBccJ24m\n\n$ACY $AMRH $RHE $BTBT $ATIF $OEG $GRNQ $BWEN $AQMS $MDNA $LUMO $CLWT'
2020-12-29,b'Gap down over 5% detected on $BWEN $ACY $CREG. Do you think it is going lower from this level? thoughts? https://t.co/DZzqLC9wUL #stocks https://t.co/tMkhlqOuKz'
2020-12-29,b'RT @mando2250: $SANP ETHEREUM FOUNDER IS ON BOARD OF DIRECTORS $GRNQ $ACY $OCGN $AQMS $cbdd $abqq $pttn $neca $NXTD $MARA $PHUN $BNGO $BTU\xe2\x80\xa6'
2020-12-29,"b'Stocks in New High today: $BWEN, Current Price: $8.74, Change today: 0.00%, Total Traded Volume: 0 https://t.co/Jw7OxppdzO'"
2020-12-29,b'RT @mando2250: $SANP ETHEREUM FOUNDER IS ON BOARD OF DIRECTORS $GRNQ $ACY $OCGN $AQMS $cbdd $abqq $pttn $neca $NXTD $MARA $PHUN $BNGO $BTU\xe2\x80\xa6'
2020-12-29,"b""RT @tradingforkeeps: I nailed $UUUU yesterday and shared every move...\n\nJoin me NOW, it's FREE: https://t.co/bRgKDwYOyq\n\nToday's watchlist:\xe2\x80\xa6"""
2020-12-29,"b""I nailed $UUUU yesterday and shared every move...\n\nJoin me NOW, it's FREE: https://t.co/bRgKDwYOyq\n\nToday's watchlist: $GEVO $AMRH $WISA $RCMT $BWEN $MOGO $OEG $EVGN $SOL $CSLT $AMRS $TCCO $UUU $KOSS $IRIX $IMMR"""
2020-12-29,b'$SANP ETHEREUM FOUNDER IS ON BOARD OF DIRECTORS $GRNQ $ACY $OCGN $AQMS $cbdd $abqq $pttn $neca $NXTD $MARA $PHUN $BNGO $BTU $PHUN $CSCW $ACY $AMRH $RHE $BTBT $RCMT $ATIF $OEG $BWEN $EQOS $BTU $FLUX $AWX $CREG $EVGN $GEVO\nCRYPTO MINNING  BLOCKCHAIN ASIA EXTRAVAGANZA https://t.co/1q9V3amtoz'
2020-12-29,b'@Lionmaster $BWEN do you remember your set up. I\xe2\x80\x99m thinking to hold for month or years . In at 4.25 with your alert . You said long term??!!'
2020-12-29,"b'Watchlist: 12/29 Rally Continues, Short Squeezes\n\nTickers: $GEVO $AMRH $WISA $RCMT $BWEN $MOGO $OEG $EVGN $SOL $CSLT $AMRS $TCCO $UUU $KOSS $IRIX $IMMR\n\nMy notes:\nhttps://t.co/FXMpvB8gT6'"
2020-12-29,b'$BTBT $OEG $BWEN 15m\nJoin the winning team and make 3-4 figures a day with our stocks signals.\nWe cover all asset classes and many timeframes. \nYou won\xe2\x80\x99t need to work on the signals anymore.\xf0\x9f\x98\x8d\n#bti #stocks #NYSE $NASDAQ \n\nRequest your trial for 10\xe2\x82\xac only : https://t.co/ptEoRUsdva https://t.co/liE3jx1TJl'
2020-12-29,"b'TIM SYKES WATCHLIST FOR TUESDAY, DECEMBER 29, 2020: SOME NEW AFTERHOURS SPIKERS TO WATCH: $KOSS $UUU $GHSI MY TOP POTENTIAL DIP BUYS: $ALPP $ABML $COUV $CBBT $AITX SOME LOWER VOLITILITY SPIKERS: $TLSS $OPTI $SHMP $DSGT SOME SOLAR AND ALTERNATIVE ENERGY STOCKS SPIKING: $BWEN'"
2020-12-29,b'Short sale volume(not short interest) for $OPTT on 2020-12-28 is 59%. https://t.co/GTt0yqRW1Q $XLU 49% $BWEN 39% $GE 35% $CPST 72%'
2020-12-29,b'Short sale vol (not short interest) for $EWJ on 2020-12-28 is 56%. https://t.co/n8ELsFOSvf $VRM 44% $CRK 71% $GPL 34% $BWEN 39%'
2020-12-29,"b""RT @ZmansEnrgyBrain: Commented on $BWEN - Broadwind Wind - Their 'Think Big' Slogan Applies To 2021 And Beyond. https://t.co/kbX34i8NiK"""
2020-12-29,"b'RT @Turbobob129: Stocks to Watch for December 29, 2020 for $AMRH, $AQMS, $BEEM, $BWEN, $CLSK, $CYCC, $DPW, $EQOS, $EVGN, $GEVO, $GP, $IPOC,\xe2\x80\xa6'"
2020-12-29,"b'Stocks to Watch for December 29, 2020 for $AMRH, $AQMS, $BEEM, $BWEN, $CLSK, $CYCC, $DPW, $EQOS, $EVGN, $GEVO, $GP, $IPOC, $MDNA, $RIOT, $SOL, and $WISA is now posted in our Stocks To Watch Channel and at https://t.co/lgSu16G8vZ https://t.co/JaqkL66JRU'"
2020-12-29,"b""Commented on $BWEN - Broadwind Wind - Their 'Think Big' Slogan Applies To 2021 And Beyond. https://t.co/kbX34i8NiK"""
2020-12-29,b'Watching \n These are all low float runners terrible companies not to be held just looking for price action $KOSS $UUU $BTBT $BIOL $IRIX $OEG $RCMT $BWEN $DPW $WISA $MOGO $CREX'
2020-12-29,b'$AR CEO To Release Details Of New Joint Venture With Unnamed Nasdaq Traded Stock Following Talks In South Florida \nhttps://t.co/Mv3xmUJu9A\n\n$ALVRQ $HQL $NMKEF $BWEN $DBSDY $ALPMY $HIE $CVVUF $VTNR $BBTpD'
2020-12-29,b'12/29 Watchlist. #long $AMBL $CLHI $CHS $AHT $AMRH $GEVO $DWP $BWEN'
2020-12-29,b'Watchlist for tomorrow 12/29\n$NXTD\n$GRNQ\n$OEG\n$AQMS\n$BTU\n$BWEN\n$ATIF\n$ACY\n$BIOL\n$GHSI\n$OCGN\n\nand top 3-5 gainers with news catalyst.  Remember to trade only 100k shares/min volume for MOMO.  Come to @TraderMike1234 discord for callouts/entries.  LFG!\n\n#CANCELYOURGURU https://t.co/gLngzZpBFn'
2020-12-29,"b""UPDATE: Bullish alert list. It was analyzed with the change of volume and &lt;Blah-blah-blah...&gt; by using data on 28th Dec.. Let's check each chart\xf0\x9f\x98\x81 #bullishalert\n$BWEN\n$GEVO\n$OEG\n$MDNA\n$RCMT\n$AQMS\n$BTBT\n$EPIX\n$EQOS\n$GP\n$FLUX\n$OSS\n$EVGN\n$IPOC\n$BEEM\n$FLNT\n$THBR\n$AIRG\n$PTN\n$MOGO https://t.co/rvL4BFExZk"""
2020-12-29,b'New High 12/28\n$BWEN\n$BTBT\n$AQMS\n$MDNA\n$EQOS\n$BEEM\n$LOAK\n$EPIX\n$ASLE\n$DVD\n$AIRG\n$CLSK\n$DNN\n$GEVO\n$MAGS\n$THBR\n$NPAUU\n$ACIC\n$GTIM\n$STPK\n$URG\n$UUUU\n$BNED\n$IPOC\n$MOGO\n$VSPRU\n$EVGN\n$FLNT\n$RIOT\n$SI\n$MYOV\n$PRCH\n$ACAM\n$LAKE\n$BTWNU\n$FLL\n$UEC\n$NGA\n$FUSE\n$BFT\n$STKL\n$FTHM\n$MWK\n$LCA\n$CRIS'
2020-12-28,b'$BWEN #Broadwind declines in after hours trading. See vwap price action. https://t.co/Wx8PrDKk0v https://t.co/z3dqrEfZLX'
2020-12-28,"b'RT @stocktreats: New 52-Week Highs (Top 10): $ACY +414.850%, $RHE +93.800%, $BTBT +81.170%, $OEG +46.620%, $BWEN +45.590%, $ASLE +42.800%,\xe2\x80\xa6'"
2020-12-28,"b'New 52-Week Highs (Top 10): $ACY +414.850%, $RHE +93.800%, $BTBT +81.170%, $OEG +46.620%, $BWEN +45.590%, $ASLE +42.800%, $EQOS +41.160%, $AWX +38.700%, $GEVO +30.270%, $AQMS +29.490%\n #stocks #stockmarket #stockstowatch https://t.co/hAghzdbddt'"
2020-12-28,"b'New 6-Month Highs (Top 10): $ACY +414.850%, $RHE +93.800%, $BTBT +81.170%, $OEG +46.620%, $BWEN +45.590%, $RCMT +42.940%, $ASLE +42.800%, $EQOS +41.160%, $AWX +38.700%, $GEVO +30.270%\n #stocks #stockmarket #stockstowatch https://t.co/6rSyVKlWpb'"
2020-12-28,"b'New 3-Month Highs (Top 10): $ACY +414.850%, $RHE +93.800%, $BTBT +81.170%, $OEG +46.620%, $BWEN +45.590%, $RCMT +42.940%, $ASLE +42.800%, $EQOS +41.160%, $AWX +38.700%, $GEVO +30.270%\n #stocks #stockmarket #stockstowatch https://t.co/hV8Hy4Ta6o'"
2020-12-28,"b'RT @ZmansEnrgyBrain: $BWEN 286 days, 538%, multiple updates along the way including last week. \n#wind #renewables \nContact zman@zmansenergy\xe2\x80\xa6'"
2020-12-28,b'$BWEN well would ya look at that. Didnt make a play on this one unfortunately. But what a play \xf0\x9f\x98\xb3\xf0\x9f\x98\xb3\xf0\x9f\x98\xb3\xf0\x9f\x98\xb3 https://t.co/VnkVsYplBn'
2020-12-28,"b'RT @ZmansEnrgyBrain: $BWEN 286 days, 538%, multiple updates along the way including last week. \n#wind #renewables \nContact zman@zmansenergy\xe2\x80\xa6'"
2020-12-28,"b""RT @ZmansEnrgyBrain: Commented on $BWEN - Broadwind Wind - Their 'Think Big' Slogan Applies To 2021 And Beyond. https://t.co/Hfim2YYisj"""
2020-12-28,"b'RT @ZmansEnrgyBrain: $BWEN 286 days, 538%, multiple updates along the way including last week. \n#wind #renewables \nContact zman@zmansenergy\xe2\x80\xa6'"
2020-12-28,b'RT @PMGVolumeSurge: $BWEN at 8.797 \xe2\x9a\xa1 Momentum Alert \xe2\x9a\xa1 [10m - 20m Float] [29% up from first alert]  (Alert delayed by 5 minutes) \xe2\x8f\xb0 For Real\xe2\x80\xa6'
2020-12-28,b'Top Gainers \n\n$BWEN $BTU $AWX $FLUX $RHE'
2020-12-28,b'(2 of 5)\nSemis: +0.96%; 17 of 44 Up (&gt;=4%: $SOL $BEEM $SYNA $ATOM $ALGM)\nEnergy/Util: +0.77%; 5 of 20 Up (&gt;=4%: $BWEN $SUNW)\nMedia: +0.70%; 7 of 13 Up (&gt;=4%: $FLNT $IHRT $SSP $WOW)\n5G/IoT: -0.11%; 18 of 42 Up (&gt;=4%: $SYNA $ORBC $ALRM)'
2020-12-28,"b""$ASTC, $BWEN, $CLWT 10 Industrials Stocks Moving In Monday's After-Market Session - https://t.co/YTFnwtkLEx"""
2020-12-28,b'$BWEN huge move today up $2.70.. sold half position at the close after almost doubling from entry point last week. $BASI strong bounce back today as well. Not a whole lot else to report among positions. Have a good night everyone.'
2020-12-28,b'$UUU Blowing up. Good day for $BWEN too.'
2020-12-28,"b'$BWEN 286 days, 538%, multiple updates along the way including last week. \n#wind #renewables \nContact zman@zmansenergybrain.com https://t.co/ylh1GrAlH2'"
2020-12-28,b'$BWEN at 8.797 \xe2\x9a\xa1 Momentum Alert \xe2\x9a\xa1 [10m - 20m Float] [29% up from first alert]  (Alert delayed by 5 minutes) \xe2\x8f\xb0 For Real Time Alerts Follow us &amp; Join our 7000+ Discord https://t.co/jv1cNfOBLC #stocks #daytrading #stockmarket ...'
2020-12-28,b'@timothysykes @StocksToTrade @sttbreakingnews I was able to make 77 cents on $BWEN'
2020-12-28,b'$BWEN at 8.759 \xe2\x9a\xa1 Momentum Alert \xe2\x9a\xa1 [10m - 20m Float] [29% up from first alert]  (Alert delayed by 5 minutes) \xe2\x8f\xb0 For Real Time Alerts Follow us &amp; Join our 7000+ Discord https://t.co/jv1cNfOBLC #stocks #daytrading #stockmarket ...'
2020-12-28,b'Machine Alerted the following potential gains : $ACY : 309%     $RHE : 279%     $ATIF : 53%     $AWX : 3%     $BTBT : 4%     $AQMS : 8%     $EQOS : 8%     $GRNQ : 11%     $APRE : 1%     $AMRH : 25%     $BWEN : 8%     $RCMT : 15%     $'
2020-12-28,"b'20 day high massive volume scan (all) $BTBT, $ACAM, $THBR, $IMMR, $EQOS, $BWEN, $CREG, $SOAC, $FLUX, $MYOV, $RMG, $EVGN, $GHIV, $WPF, $LOAK, $CRHC, $FIII, $AACQ, $PRCH #stocks #trading https://t.co/RUCNhqekR7'"
2020-12-28,"b""\xe2\x9b\x94\xef\xb8\x8f-$1556 $ACY took a gamble trade on 3rd halt up. Tried to get out but it kept halting. Recovered some back on backside. $FPAY $GRNQ $MARPS $RCMT $BWEN Good day overall, just really wish I didn't take that $ACY trade. Even small size I lost big with that 1000% run. https://t.co/vndEC22Gnc"""
2020-12-28,b'RT @Ilikeitlike777: $GRNQ SURGING INTO THE CLOSE\xf0\x9f\x9a\x80\xf0\x9f\x9a\x80\xf0\x9f\x9a\x80\xf0\x9f\x9a\x80\n\n#Bitcoin  #bitcoinnews  $ACY $RHE $AMRH $ATIF $BWEN $EQOS $RIOT $GBTC $MARA\n\nhttps://\xe2\x80\xa6'
2020-12-28,b'OUT $BWEN  Bought 1238 shares for 8.13 out (8.47)  Profit $420.67.  Closing up for the day   Total Profit so far today $59181.16 ...(P:41) 12/28/2020 3:56:42 PM'
2020-12-28,"b""RT @EstmtdProphet: $BWEN\n\nI'm starting to unload \xf0\x9f\xa4\x91\n\n100%+ in a couple of weeks."""
2020-12-28,"b'@TrevelFund @AOTtrades I took $BWEN @ 8.39 for an early ONH, make sure to see how it closes'"
2020-12-28,"b""$BWEN\n\nI'm starting to unload \xf0\x9f\xa4\x91\n\n100%+ in a couple of weeks."""
2020-12-28,"b'$BWEN took this in size last week Tuesday. Sold early today, https://t.co/f3wPYLVTnP'"
2020-12-28,b'$SOL cheap scanner $11 a month for the quickest gainers!\xf0\x9f\x9a\xa8\xe2\x9c\x85 $ACY $RHE $OCG $BWEN \n\n-Don\xe2\x80\x99t miss out on this holiday deal https://t.co/dnZIT0bgyz'
2020-12-28,b'RT @Ilikeitlike777: $GRNQ SURGING INTO THE CLOSE\xf0\x9f\x9a\x80\xf0\x9f\x9a\x80\xf0\x9f\x9a\x80\xf0\x9f\x9a\x80\n\n#Bitcoin  #bitcoinnews  $ACY $RHE $AMRH $ATIF $BWEN $EQOS $RIOT $GBTC $MARA\n\nhttps://\xe2\x80\xa6'
2020-12-28,b'$GRNQ SURGING INTO THE CLOSE\xf0\x9f\x9a\x80\xf0\x9f\x9a\x80\xf0\x9f\x9a\x80\xf0\x9f\x9a\x80\n\n#Bitcoin  #bitcoinnews  $ACY $RHE $AMRH $ATIF $BWEN $EQOS $RIOT $GBTC $MARA\n\nhttps://t.co/yAMvOOBD1N'
2020-12-28,b'$BWEN at 8.535 \xe2\x9a\xa1 Momentum Alert \xe2\x9a\xa1 [10m - 20m Float] [25% up from first alert]  (Alert delayed by 5 minutes) \xe2\x8f\xb0 For Real Time Alerts Follow us &amp; Join our 7000+ Discord https://t.co/jv1cNfOBLC #stocks #daytrading #stockmarket ...'
2020-12-28,b'$BWEN at 8.512 \xe2\x9a\xa1 Momentum Alert \xe2\x9a\xa1 [10m - 20m Float] [25% up from first alert]  (Alert delayed by 5 minutes) \xe2\x8f\xb0 For Real Time Alerts Follow us &amp; Join our 7000+ Discord https://t.co/jv1cNfOBLC #stocks #daytrading #stockmarket ...'
2020-12-28,b'$BWEN at 8.495 \xe2\x9a\xa1 Momentum Alert \xe2\x9a\xa1 [10m - 20m Float] [25% up from first alert]  (Alert delayed by 5 minutes) \xe2\x8f\xb0 For Real Time Alerts Follow us &amp; Join our 7000+ Discord https://t.co/jv1cNfOBLC #stocks #daytrading #stockmarket ...'
2020-12-28,b'$BWEN at 8.394 \xe2\x9a\xa1 Momentum Alert \xe2\x9a\xa1 [10m - 20m Float] [23% up from first alert]  (Alert delayed by 5 minutes) \xe2\x8f\xb0 For Real Time Alerts Follow us &amp; Join our 7000+ Discord https://t.co/jv1cNfOBLC #stocks #daytrading #stockmarket ...'
2020-12-28,b'@AOTtrades How does $BWEN look?'
2020-12-28,b'$BWEN at 8.275 \xe2\x9a\xa1 Momentum Alert \xe2\x9a\xa1 [10m - 20m Float] [22% up from first alert]  (Alert delayed by 5 minutes) \xe2\x8f\xb0 For Real Time Alerts Follow us &amp; Join our 7000+ Discord https://t.co/jv1cNfOBLC #stocks #daytrading #stockmarket ...'
2020-12-28,b'$BWEN at 8.18 \xe2\x9a\xa1 Momentum Alert \xe2\x9a\xa1 [10m - 20m Float] [20% up from first alert]  (Alert delayed by 5 minutes) \xe2\x8f\xb0 For Real Time Alerts Follow us &amp; Join our 7000+ Discord https://t.co/jv1cNfOBLC #stocks #daytrading #stockmarket  ...'
2020-12-28,b'@AOTtrades @AOTtrades how does $BWEN look as an ONH candidate?'
2020-12-28,b'$BWEN we are always early! $ACY $RHE \xf0\x9f\x94\xa5\xf0\x9f\x9a\xa8 https://t.co/0pzscvKV0d'
2020-12-28,b'$BWEN scanner going crazy! Looking for more\xf0\x9f\x94\xa5'
2020-12-28,b'$BWEN nice research there for the swing pick pure #CANSLIIM - 4 great quarters https://t.co/QoZm8LOyMb'
2020-12-28,b'@kinneklaus Thoughts on $BWEN?'
2020-12-28,"b""Commented on $BWEN - Broadwind Wind - Their 'Think Big' Slogan Applies To 2021 And Beyond. https://t.co/Hfim2YYisj"""
2020-12-28,b'Top Gainers (a/o2:09pmEST): $RHE $BTBT $MARPS $AMRH $EQOS $FLUX $ATIF $BWEN $AWX \xf0\x9f\x98\x98 #StayGreen #BlackBoxStocks #stocks #stockstowatch #trading #DayTrading #WallStreet #StockMarket #money https://t.co/hSbzLyogr9'
2020-12-28,b'blessed monday.. lots of plays.. key is to know what to play and what to avoid... A-set up $GRNQ. had broker issues.. not full size.. other plays are what i missed back in the days.. $MTSL $FPAY $MARPS $AMRH $OSS. only loss is $BWEN. pump n dump set ups.. 11\xf0\x9f\x92\xb0\xf0\x9f\x99\x8f https://t.co/70VOZxsNwQ'
2020-12-28,"b""RT @ZmansEnrgyBrain: Commented on $BWEN - Broadwind Wind - Their 'Think Big' Slogan Applies To 2021 And Beyond. https://t.co/CRpu8Nnz6X"""
2020-12-28,b'RT @jadid: $OCGN shares jumped 30.7% to $2.30. The company reported the appointment of a vaccine scientific advisory board. $AHT shares sur\xe2\x80\xa6'
2020-12-28,b'$OCGN shares jumped 30.7% to $2.30. The company reported the appointment of a vaccine scientific advisory board. $AHT shares surged 29% to $3.0450 after the company announced it received a $200 million financing loan $BWEN jumped 28.8% to $7.74.'
2020-12-28,"b'Not going to overtrade today! 2 trades, to wins &amp; calling it a day :-) Dip buy entry on $NNDM after it held 8.. in 8.15 out 8.38 and clean early entry on $BWEN in 7.80 out 8.15 @DansGamePoker https://t.co/9NsTn5OwHR'"
2020-12-28,"b""RT @ZmansEnrgyBrain: Commented on $BWEN - Broadwind Wind - Their 'Think Big' Slogan Applies To 2021 And Beyond. https://t.co/CRpu8Nnz6X"""
2020-12-28,"b""Commented on $BWEN - Broadwind Wind - Their 'Think Big' Slogan Applies To 2021 And Beyond. https://t.co/CRpu8Nnz6X"""
2020-12-28,b'(3 of 5)\nEnergy/Util: +0.72%; 9 of 20 Up (&gt;=4%: $BWEN $SUNW)\n5G/IoT: +0.64%; 28 of 42 Up (&gt;=4%: $SYNA $ORBC)\nMedia: +0.49%; 8 of 13 Up (&gt;=4%: $FLNT $IHRT $WOW $SSP)\nTelcom/Elctrn: +0.45%; 23 of 37 Up (&gt;=4%: $CRSR $MVIS $ORBC)'
2020-12-28,b'$bwen blasted through resistance today https://t.co/rRewmh3iDL https://t.co/BoYRyPRr3K'
2020-12-28,"b""Commented on $BWEN - Broadwind Wind - Their 'Think Big' Slogan Applies To 2021 And Beyond. https://t.co/6OGM2cTWLH"""
2020-12-28,b'$BWEN come on  !!'
2020-12-28,b'$BWEN nice chart. In the trending clean energy sector'
2020-12-28,b'Top Stock Gainers $ACY $FLUX $PSTX $BWEN $BTBT Top Stock Decliners $APRE $AIRT $ADXN $ONVO $BOIL https://t.co/cMFgZFIhQ6'
2020-12-28,b'RT @Boytrader08: Free Scan \n\nAlgunas bombas que seguimos en el chat room \xf0\x9f\x9a\x80\xf0\x9f\x9a\x80\xf0\x9f\x9a\x80\n\n$ATIF $BTBT $OEG $BWEN $FPAY $CLSK $GP $ACY $nxtd $idex \n\n#tr\xe2\x80\xa6'
2020-12-28,b'Free Scan \n\nAlgunas bombas que seguimos en el chat room \xf0\x9f\x9a\x80\xf0\x9f\x9a\x80\xf0\x9f\x9a\x80\n\n$ATIF $BTBT $OEG $BWEN $FPAY $CLSK $GP $ACY $nxtd $idex \n\n#trading https://t.co/san1u2bsoN'
2020-12-28,b'Top Gainers (a/o11:16amEST): $RHE $BTBT $FLUX $MARPS $ATIF $GRNQ $BWEN $PSTX $OEG \xf0\x9f\x98\x98 #StayGreen #BlackBoxStocks #stocks #stockstowatch #trading #DayTrading #WallStreet #StockMarket #money https://t.co/ej0Eg5cVCK'
2020-12-28,b'RT @mchaudhry82: Price &amp;/or Vol Leaders (a/o11:11amEST): $ACY $RHE $GRNQ $ATIF $BTU $BTBT $AQMS $OEG $BWEN $OCGN $AHT $EQOS $RCMT $FPAY $MY\xe2\x80\xa6'
2020-12-28,b'Price &amp;/or Vol Leaders (a/o11:11amEST): $ACY $RHE $GRNQ $ATIF $BTU $BTBT $AQMS $OEG $BWEN $OCGN $AHT $EQOS $RCMT $FPAY $MYOV $RIOT $MARA $BNGO $SOL $NXTD \xf0\x9f\x98\x98 #StayGreen #BlackBoxStocks #stocks #stockstowatch #trading #DayTrading #WallStreet #StockMarket #money https://t.co/moNnka487J'
2020-12-28,b'$BWEN at 8.134 \xe2\x9a\xa1 Momentum Alert \xe2\x9a\xa1 [10m - 20m Float] [20% up from first alert]  (Alert delayed by 5 minutes) \xe2\x8f\xb0 For Real Time Alerts Follow us &amp; Join our 7000+ Discord https://t.co/jv1cNfOBLC #stocks #daytrading #stockmarket ...'
2020-12-28,b'$BWEN at 7.988 \xe2\x9a\xa1 Momentum Alert \xe2\x9a\xa1 [10m - 20m Float] [17% up from first alert]  (Alert delayed by 5 minutes) \xe2\x8f\xb0 For Real Time Alerts Follow us &amp; Join our 7000+ Discord https://t.co/jv1cNfOBLC #stocks #daytrading #stockmarket ...'
2020-12-28,b'$BWEN at 7.916 \xe2\x9a\xa1 Momentum Alert \xe2\x9a\xa1 [10m - 20m Float] [16% up from first alert]  (Alert delayed by 5 minutes) \xe2\x8f\xb0 For Real Time Alerts Follow us &amp; Join our 7000+ Discord https://t.co/jv1cNfOBLC #stocks #daytrading #stockmarket ...'
2020-12-28,b'52 week highs today $GEVO $MARA $AQMS $ACY $RIOT $PLUG $BLNK $RMG $MYOV $EQOS $THBR $MGNI $NPA $CRIS $CLSK $THCB $BLDP $APXT $PACB $TSM $UUUU $DNN $BE $BWEN $VIPS $ATVI $EXK $LCA $CNHI $URG $LOAC $CRSP $ENPH $HPQ $MWK $ASX $FLNT $FCAU $BEEM - 501 (c)(3) https://t.co/ChGZW7lf5T https://t.co/dDKFXCVE8V'
2020-12-28,b'RT @DLSermersheim: @Charles45939058 $BWEN seems to have hit a fundamental bottom and it all looks up from here. The tower orders are strong\xe2\x80\xa6'
2020-12-28,"b'Hit a homerun with $BWEN, got into $FSM and $HL'"
2020-12-28,"b'Stocks in New High today: $BWEN, Current Price: $7.68, Change today: 30.95%, Total Traded Volume: 1,192,417 https://t.co/NLG8DnuzRL'"
2020-12-28,"b'DYNAMO GAP UP $BWEN - Broadwind, Inc. https://t.co/rZZJevrSNS via \xe2\x9f\xb6 https://t.co/VS8RO1bzXJ'"
2020-12-28,b'RT @ZmansEnrgyBrain: New 52 week high\n\n$BWEN \xe2\x80\x93 for sharing purposes here\xe2\x80\x99s our free piece from last week:  #wind #renewables\n\nhttps://t.co/\xe2\x80\xa6'
2020-12-28,"b""Commented on $BWEN - Broadwind Wind - Their 'Think Big' Slogan Applies To 2021 And Beyond. https://t.co/3E6OZdhnkb"""
2020-12-28,b'@ZmansEnrgyBrain $BWEN Z4 Wind Power stock......from 1.73...wow. https://t.co/SYeEOpY26S'
2020-12-28,b'$BWEN at 7.898 \xe2\x9a\xa1 Momentum Alert \xe2\x9a\xa1 [10m - 20m Float] [16% up from first alert]  (Alert delayed by 5 minutes) \xe2\x8f\xb0 For Real Time Alerts Follow us &amp; Join our 7000+ Discord https://t.co/jv1cNfOBLC #stocks #daytrading #stockmarket ...'
2020-12-28,b'$BWEN at 7.807 \xe2\x9a\xa1 Momentum Alert \xe2\x9a\xa1 [10m - 20m Float] [15% up from first alert]  (Alert delayed by 5 minutes) \xe2\x8f\xb0 For Real Time Alerts Follow us &amp; Join our 7000+ Discord https://t.co/jv1cNfOBLC #stocks #daytrading #stockmarket ...'
2020-12-28,b'$BWEN at 7.793 \xe2\x9a\xa1 Momentum Alert \xe2\x9a\xa1 [10m - 20m Float] [15% up from first alert]  (Alert delayed by 5 minutes) \xe2\x8f\xb0 For Real Time Alerts Follow us &amp; Join our 7000+ Discord https://t.co/jv1cNfOBLC #stocks #daytrading #stockmarket ...'
2020-12-28,"b'Stocks with greater movement, last 15 minutes\n\n$BWEN +/- 9.75% Broadwind Energy Inc.\n$NTLA +/- 4.94% Intellia Therapeutics Inc.\n$BTU +/- 4.48% Peabody Energy Corporation\n$AI +/- 4.39% Arlington Asset Investment Cor..\n$MVIS +/- 3.87% MicroVision Inc.\nhttps://t.co/dCch3XYxKs'"
2020-12-28,b'$BWEN at 7.666 \xe2\x9a\xa1 Momentum Alert \xe2\x9a\xa1 [10m - 20m Float] [13% up from first alert]  (Alert delayed by 5 minutes) \xe2\x8f\xb0 For Real Time Alerts Follow us &amp; Join our 7000+ Discord https://t.co/jv1cNg6cDa #stocks #daytrading #stockmarket ...'
2020-12-28,b'$BWEN at 7.667 \xe2\x9a\xa1 Momentum Alert \xe2\x9a\xa1 [10m - 20m Float] [13% up from first alert]  (Alert delayed by 5 minutes) \xe2\x8f\xb0 For Real Time Alerts Follow us &amp; Join our 7000+ Discord https://t.co/jv1cNfOBLC #stocks #daytrading #stockmarket ...'
2020-12-28,b'Most Volatile 12/24\n$CERT\n$SUNW\n$SQFT\n$LIVX\n$ANTE\n$LGF-A\n$ID\n$ALGM\n$PMVP\n$CFBK\n$AESE\n$EGY\n$RIDE\n$CBAT\n$SEER\n$SQZ\n$KLDO\n$FIIIU\n$MRNA\n$DMYT\n$YALA\n$STKS\n$STIM\n$QUIK\n$HPR\n$ACRX\n$TC\n$LOAK\n$IGC\n$RICK\n$CGRO\n$BWEN\n$VRCA\n$TCS\n$AVCT\n$VERI\n$DNLI\n$GRVY\n$ELVT\n$ATLC\n$INDO\n$NVFY\n$IO\n$GMBL\n$LAC'
2020-12-28,b'$BWEN at 7.584 \xe2\x9a\xa1 Momentum Alert \xe2\x9a\xa1 [10m - 20m Float] [11% up from first alert]  (Alert delayed by 5 minutes) \xe2\x8f\xb0 For Real Time Alerts Follow us &amp; Join our 7000+ Discord https://t.co/jv1cNfOBLC #stocks #daytrading #stockmarket ...'
2020-12-28,b'$BWEN at 7.578 \xe2\x9a\xa1 Momentum Alert \xe2\x9a\xa1 [10m - 20m Float] [11% up from first alert]  (Alert delayed by 5 minutes) \xe2\x8f\xb0 For Real Time Alerts Follow us &amp; Join our 7000+ Discord https://t.co/jv1cNfOBLC #stocks #daytrading #stockmarket ...'
2020-12-28,b'$BWEN \nStarting to show some positive momentum!!\nMay want to add this to your watch list!!! \nUp 13% since our community got the first alert!!!\nLETSSS GOOOO!!!\n\nFollow us and catch these parabolic runners before they can even walk!! https://t.co/ync7CtKQrz'
2020-12-28,"b'VOLUME RADAR: $BWEN Broadwind, Inc. https://t.co/KEDT7qNk4B \xf0\x9f\x93\x88 TradeIdeas via \xe2\x9f\xb6 https://t.co/zWAorADS1w'"
2020-12-28,b'$BWEN at 7.585 \xe2\x9a\xa1 Momentum Alert \xe2\x9a\xa1 [10m - 20m Float] [11% up from first alert]  (Alert delayed by 5 minutes) \xe2\x8f\xb0 For Real Time Alerts Follow us &amp; Join our 7000+ Discord https://t.co/jv1cNfOBLC #stocks #daytrading #stockmarket ...'
2020-12-28,b'$BWEN at 7.41 \xe2\x9a\xa1 Momentum Alert \xe2\x9a\xa1 [10m - 20m Float] [9% up from first alert]  (Alert delayed by 5 minutes) \xe2\x8f\xb0 For Real Time Alerts Follow us &amp; Join our 7000+ Discord https://t.co/jv1cNfOBLC #stocks #daytrading #stockmarket # ...'
2020-12-28,"b'Stocks with greater movement, last 15 minutes\n\n$BWEN +/- 16.62% Broadwind Energy Inc.\n$NXTD +/- 9.63% NXT-ID Inc.\n$BTU +/- 6.86% Peabody Energy Corporation\n$GEVO +/- 6.53% Gevo Inc.\n$DPW +/- 6.42% DPW Holdings Inc.\nhttps://t.co/UK8iI61PRx'"
2020-12-28,b'$BWEN at 7.388 \xe2\x9a\xa1 Momentum Alert \xe2\x9a\xa1 [10m - 20m Float] [9% up from first alert]  (Alert delayed by 5 minutes) \xe2\x8f\xb0 For Real Time Alerts Follow us &amp; Join our 7000+ Discord https://t.co/jv1cNfOBLC #stocks #daytrading #stockmarket  ...'
2020-12-28,b'$SOL $BWEN nutty moves watching pullbacks for another big move in $IPWR'
2020-12-28,b'$BWEN at 7.39 \xe2\x9a\xa1 Momentum Alert \xe2\x9a\xa1 [10m - 20m Float] [9% up from first alert]  (Alert delayed by 5 minutes) \xe2\x8f\xb0 For Real Time Alerts Follow us &amp; Join our 7000+ Discord https://t.co/jv1cNfOBLC #stocks #daytrading #stockmarket # ...'
2020-12-28,b'$BWEN at 7.315 \xe2\x9a\xa1 Momentum Alert \xe2\x9a\xa1 [10m - 20m Float] [8% up from first alert]  (Alert delayed by 5 minutes) \xe2\x8f\xb0 For Real Time Alerts Follow us &amp; Join our 7000+ Discord https://t.co/jv1cNfOBLC #stocks #daytrading #stockmarket  ...'
2020-12-28,b'$BWEN at 7.075 \xe2\x9a\xa1 Momentum Alert \xe2\x9a\xa1 [10m - 20m Float] [4% up from first alert]  (Alert delayed by 5 minutes) \xe2\x8f\xb0 For Real Time Alerts Follow us &amp; Join our 7000+ Discord https://t.co/jv1cNg6cDa #stocks #daytrading #stockmarket  ...'
2020-12-28,b'$BWEN what an open!'
2020-12-28,b'$BWEN at 6.944 \xe2\x9a\xa1 Momentum Alert \xe2\x9a\xa1 [10m - 20m Float] [2% up from first alert]  (Alert delayed by 5 minutes) \xe2\x8f\xb0 For Real Time Alerts Follow us &amp; Join our 7000+ Discord https://t.co/jv1cNfOBLC #stocks #daytrading #stockmarket  ...'
2020-12-28,b'$BWEN at 6.803 \xe2\x9a\xa1 Momentum Alert \xe2\x9a\xa1 [10m - 20m Float] (Alert delayed by 5 minutes) \xe2\x8f\xb0 For Real Time Alerts Follow us &amp; Join our 7000+ Discord https://t.co/jv1cNfOBLC #stocks #daytrading #stockmarket #trading #pennystocks #tip ...'
2020-12-28,b'09:42 New 52wk Highs: $ASX $ATRC $BEEM $BWEN $FLNT $FLUX $GSAH $ICL $IDN'
2020-12-28,b'$BWEN up 25%\n\nhttps://t.co/rKMQlUmSYy'
2020-12-28,b'Here we go... $BWEN... \xf0\x9f\xa6\x9a\xf0\x9f\x8d\x83\xf0\x9f\xa6\x9a https://t.co/DS95HeUJ6G'
2020-12-28,b'$BWEN Loool the air pocket'
2020-12-28,b'Good morning and hope everyone had a nice holiday. $BWEN nh this morning. Took initial position in casino/gaming play $FLL for 2021. Will follow up on more dd.'
2020-12-28,b'New 52 week high\n\n$BWEN \xe2\x80\x93 for sharing purposes here\xe2\x80\x99s our free piece from last week:  #wind #renewables\n\nhttps://t.co/rKMQlUmSYy'
2020-12-28,b'12/28/20 \n$AMTX -good buy \n$BWEN - look for dip to increase       position if not continue to hold \n$IPWR - keep watch \n$OPTT - increase early on a dip \n$GEVO - hold \n$CETX - keep watch \n$SPI - long calls \n$SUNW - long calls'
2020-12-28,"b'$AIM will be divulging full details of acqusition offer currently on the table, announcement as early as Tuesday\nhttps://t.co/Mv3xmUJu9A \n\n$HMRRF $TXHG $LBTD $PRRY $ALVRQ $HQL $NMKEF $BWEN $DBSDY $ALPMY $HIE'"
2020-12-27,"b""RT @zorgnak: @ZmansEnrgyBrain $BWEN Weekly chart. Trying to break above it's 3 year volume base... https://t.co/xZr51Hmfcj"""
2020-12-27,"b""@ZmansEnrgyBrain $BWEN Weekly chart. Trying to break above it's 3 year volume base... https://t.co/xZr51Hmfcj"""
2020-12-27,"b""RT @sbwcws: Charged: Apple's potential EV entry seen as 'Tesla bear case'\n$AAPL $TSLA $GM $F $APTV $MGA $VNE $NVDA $RIDE $NKLA $ENPH $ARRY\xe2\x80\xa6"""
2020-12-27,b'@ChesshirJeffery $BWEN or $SSYS'
2020-12-27,"b""Charged: Apple's Potential EV Entry Seen As 'Tesla Bear Case' $AAPL $TSLA Also $DQ $F $GM $GNRC $JKS $MGA $ARRY $CSIQ $FSLR $PLUG $BWEN $NVDA $SPWR $HASI $ENPH $SEDG $RUN $TPIC $APTV $VNE $SUNW $NKLA $RIDE $NOVA https://t.co/FrQJXr92iq"""
2021-01-07,"b'$bwen \nBuy it for looks, buy it for life https://t.co/imUUCGTwAC'"
2021-01-07,b'RT @Momptie1: https://t.co/43o1wZBLr3 Doyou want to set up an online businessAre you missing the right domain for your Hydrogen Business?Lo\xe2\x80\xa6'
2021-01-07,b'https://t.co/43o1wZBLr3 Doyou want to set up an online businessAre you missing the right domain for your Hydrogen Business?Look in my bio there is the link to the perfect Name of your website.$FCEL $PLUG $WPRT $BWEN $BLDP $FCEL $NEL $HYSR $SPWR $TSLA $BEP $BE $JPM $PZD $SPY https://t.co/aLi19wwVW5'
2021-01-07,b'Just opened a position in $bwen\nLook at the yearly when Obama was president.. thank me later boys'
2021-01-07,b'RT @Momptie1: https://t.co/43o1wZBLr3 Doyou want to set up an online businessAre you missing the right domain for your Hydrogen Business?Lo\xe2\x80\xa6'
2021-01-07,b'RT @IQ2020: $FCEL $BWEN added to positions'
2021-01-07,b'RT @BSchulz33868165: Category Overview (as of 11:43amEST):\nSolar: +11.67%; 13 of 13 Up (&gt;=10%: $SUNW $SOL $MAXN $BEEM)\nEnergy/Util: +10.90%\xe2\x80\xa6'
2021-01-07,b'Commented on $BWEN - Broadwind: Increasing Price Target Range Driven By Multiple Expansion And Continued Strong Industry Fundamentals. https://t.co/6gZsTp2F5k'
2021-01-07,b'Category Overview (as of 11:43amEST):\nSolar: +11.67%; 13 of 13 Up (&gt;=10%: $SUNW $SOL $MAXN $BEEM)\nEnergy/Util: +10.90%; 21 of 21 Up (&gt;=10%: $PLUG $SUNW $FCEL $CLNE $BE $BLDP $BWEN $AMSC)\nBlockChain: +9.59%; 17 of 18 Up (&gt;=10%: $MARA $RIOT $CLSK $MOGO $MSTR $CAN)\n(1 of 5) https://t.co/ZWnLzJQz4o'
2021-01-07,b'$FCEL $BWEN added to positions'
2021-01-07,"b""$BWEN \n58%, 15 days from last update. \nOur cost basis here remains $1.73\nWe've been writing since they had 1 analyst, now 4\n#wind #renewables \nhttps://t.co/rKMQlUmSYy"""
2021-01-07,"b'New highs this morning in $BWEN  (not long anymore) , $AVID , $STRL and my $BGFV. If they can hold is another story.'"
2021-01-07,"b'RT @FearAndGreed3: #watchlist - penny and small cap that are of interest for today, all share similar traits: short float with good pre-mar\xe2\x80\xa6'"
2021-01-07,"b'#watchlist - penny and small cap that are of interest for today, all share similar traits: short float with good pre-market change, also flagging on the daily:\n\n$ENG, $AQMS, $SPI, $EMAN, $OCX, $LIVX, $SGRP, $XPL, $BWEN, $MCEP, $MTC, $ITP, $KOPN, $SUP'"
2021-01-07,"b""RT @tradingforkeeps: Join me NOW, it's FREE: https://t.co/bRgKDwYOyq\n\nToday's watchlist: $AMRS $NCTY $BWEN $DGLY $ACEV $GNLN $OIS $SXC $CEN\xe2\x80\xa6"""
2021-01-07,"b""Join me NOW, it's FREE: https://t.co/bRgKDwYOyq\n\nToday's watchlist: $AMRS $NCTY $BWEN $DGLY $ACEV $GNLN $OIS $SXC $CENX $NR $VNTR $HOPE $GCI $VRAY $VGR $FNB $CRON $MOGO $NOG $POWW $GLDD $STKL $ARAY $FCEL"""
2021-01-07,"b'How do you find the #domainname for your #onlinebusiness. ""https://t.co/vhfZuUfLVd""? #Hydrogen will change our world by 2035.$FCEL $PLUG $WPRT $BWEN $BLDP $PLUG $FCEL $BLDP $NEL $HYSR $SPWR $TSLA $BEP $BE $JPM $PZD $PLUG $SPY $HASI #RenewableEnergy #startup #H2 https://t.co/FWHyzsWwgZ'"
2021-01-07,b'RT @BSchulz33868165: Category Overview of stocks I track:\nSolar: +10.94%; 13 of 13 Up (&gt;=8%: $SPWR $RUN $SUNW $SOL $ENPH $SEDG $NOVA $FSLR)\xe2\x80\xa6'
2021-01-07,b'RT @BSchulz33868165: Category Overview of stocks I track:\nSolar: +10.94%; 13 of 13 Up (&gt;=8%: $SPWR $RUN $SUNW $SOL $ENPH $SEDG $NOVA $FSLR)\xe2\x80\xa6'
2021-01-06,b'RT @BSchulz33868165: Category Overview of stocks I track:\nSolar: +10.94%; 13 of 13 Up (&gt;=8%: $SPWR $RUN $SUNW $SOL $ENPH $SEDG $NOVA $FSLR)\xe2\x80\xa6'
2021-01-06,b'Category Overview of stocks I track:\nSolar: +10.94%; 13 of 13 Up (&gt;=8%: $SPWR $RUN $SUNW $SOL $ENPH $SEDG $NOVA $FSLR)\nEnergy/Util: +8.08%; 21 of 21 Up (&gt;=8%: $RUN $SUNW $BWEN $REGI $ORA $FCEL $AMSC $NOVA $GNRC $TPIC)\n(1 of 5) https://t.co/NXSpgxVzzT'
2021-01-06,b'RT @BSchulz33868165: Category Overview (as of 11:47amEST):\nSolar: +12.46%; 13 of 13 Up (&gt;=10%: $SUNW $SPWR $SOL $BEEM $RUN $ENPH $CSIQ)\nEne\xe2\x80\xa6'
2021-01-06,"b'How do you find the #domainname for your #onlinebusiness. ""https://t.co/vhfZuUfLVd""? #Hydrogen will change our world by 2035.$FCEL $PLUG $WPRT $BWEN $BLDP $PLUG $FCEL $BLDP $NEL $HYSR $SPWR $TSLA $BEP $BE $JPM $PZD $PLUG $SPY $HASI #RenewableEnergy #startup #H2 https://t.co/MdXivfpMnk'"
2021-01-06,"b'RT @alphatrends: Wind turbines?\n\nnice chart from @MarketSmith \nWORST case stop under yesterday low, mine is tighter\nmake the trade your own\xe2\x80\xa6'"
2021-01-06,b'FuelCell Energy among industrial gainers; Lightbridge leads the losers $TATT $CBAT $FLUX $BWEN $FCEL https://t.co/rtwmWA2Kv5'
2021-01-06,b'$TATT $FLUX $BWEN - FuelCell Energy among industrial gainers; Lightbridge leads the losers https://t.co/Du5TaG8NZS'
2021-01-06,b'RT @BSchulz33868165: Category Overview (as of 11:47amEST):\nSolar: +12.46%; 13 of 13 Up (&gt;=10%: $SUNW $SPWR $SOL $BEEM $RUN $ENPH $CSIQ)\nEne\xe2\x80\xa6'
2021-01-06,b'$BWEN at 8.843 \xe2\x9a\xa1 Momentum Alert \xe2\x9a\xa1 [10m - 20m Float] (Alert delayed by 5 minutes) \xe2\x8f\xb0 For Real Time Alerts Follow us &amp; Join our 7000+ Discord https://t.co/jv1cNfOBLC #stocks #daytrading #stockmarket #trading #pennystocks #tip ...'
2021-01-06,b'12:59 New 52wk Highs: $ALTR $AMP $BWEN'
2021-01-06,b'New 52 Week High today: $RZV $LOVE $AADR $TSM $CSIQ $FIW $ALRS $ROSC $PRAX $SNFCA $PSCD $MTLS $ESE $QRVO $CMC $AACQ $ATR $RDUS $BWEN $AMOT ... https://t.co/4Iw0QeR3p8'
2021-01-06,"b'RT @zaferyigit76: $SOL $CBAT $BWEN $OEG $IDEX $GEVO $VVPR I said all of these, many winners who followed me at the bottom view my page\n\n\xf0\x9f\x92\xaf\xe2\x9c\x8c\xef\xb8\x8f\xe2\x80\xa6'"
2021-01-06,b'$BWEN is another wind energy play - evaluating offshore...average company  that has done well in Covid\nhttps://t.co/iGfAenDpUY'
2021-01-06,"b'$SOL $CBAT $BWEN $OEG $IDEX $GEVO $VVPR I said all of these, many winners who followed me at the bottom view my page\n\n\xf0\x9f\x92\xaf\xe2\x9c\x8c\xef\xb8\x8f\xf0\x9f\x92\xaf\xe2\x9c\x8c\xef\xb8\x8f\xf0\x9f\x92\xaf\xe2\x9c\x8c\xef\xb8\x8f \n\n$IDEX $NETE $KNDI $WWR $VVPR $XPEV $NIO $TESLA $AYRO  $SOL $SOLO $POLA $sunw $peck $STAF $SPQA $SPI $CBAT $MTC $AR $GVP $VOLT  $JD'"
2021-01-06,b'RT @BSchulz33868165: Category Overview (as of 11:47amEST):\nSolar: +12.46%; 13 of 13 Up (&gt;=10%: $SUNW $SPWR $SOL $BEEM $RUN $ENPH $CSIQ)\nEne\xe2\x80\xa6'
2021-01-06,b'$BWEN POPPED 11%  Price $8.58'
2021-01-06,b'Category Overview (as of 11:47amEST):\nSolar: +12.46%; 13 of 13 Up (&gt;=10%: $SUNW $SPWR $SOL $BEEM $RUN $ENPH $CSIQ)\nEnergy/Util: +9.53%; 21 of 21 Up (&gt;=10%: $SUNW $REGI $FCEL $BWEN $RUN $BE)\nAVs/EVs: +6.26%; 24 of 26 Up (&gt;=10%: $CBAT $QS $LAC $BEEM)\n(1 of 4) https://t.co/Vkn28CdXnN'
2021-01-06,"b'Wind turbines?\n\nnice chart from @MarketSmith \nWORST case stop under yesterday low, mine is tighter\nmake the trade your own\n\n$BWEN https://t.co/ax0l02WBm2'"
2021-01-06,b'$BWEN #Broadwind gains in premarket trading. See vwap price action. https://t.co/s2pNHuiXv7 https://t.co/hKUg7itrc9'
2021-01-06,b'Clean Energy watch list for 2021\n$EOSE $GP $TPIC $ARRY $AMRC $BWEN $FCEL $PLUG'
2021-01-06,"b'RT @ZmansEnrgyBrain: $BWEN  - Not just a #wind #renewables story, see also #infrastructure angle. \n\nhttps://t.co/rKMQlUmSYy'"
2021-01-06,"b'$BWEN  - Not just a #wind #renewables story, see also #infrastructure angle. \n\nhttps://t.co/rKMQlUmSYy'"
2021-01-06,"b'$BWEN \n\nNot just wind, also infrastructure angle, see here:\n\nhttps://t.co/rKMQlUmSYy'"
2021-01-06,"b'Good morning.. looking like Dem sweep. Pot stocks moving early... $GNLN at $5 pre market though it\xe2\x80\x99s early. $AVID news last night. Debt refinancing, reduces overall debt by $21m and to save $10m in interest, adding .22 in ng eps in 2021. Watching $BWEN again as Dems take over.'"
2021-01-06,"b'RT @Momptie1: How do you find the domain name for your online business. ""https://t.co/lf1CFEbz5q""? Hydrogen will change our world by 2035.$\xe2\x80\xa6'"
2021-01-06,"b'RT @Momptie1: How do you find the domain name for your online business. ""https://t.co/lf1CFEbz5q""? Hydrogen will change our world by 2035.$\xe2\x80\xa6'"
2021-01-06,"b'How do you find the domain name for your online business. ""https://t.co/lf1CFEbz5q""? Hydrogen will change our world by 2035.$FCEL $PLUG $WPRT $BWEN $BLDP $PLUG $FCEL $BLDP $NEL $HYSR $SPWR $TSLA $BEP $BE $JPM $PZD $PLUG $SPY $HASI #RenewableEnergy #startup https://t.co/RThUR8mGpY'"
2021-01-06,"b'RT @naashonomics: $BWEN\n$FCEL\n$NKLA\n$NIO\n$GM \n$TLSA \n$FSLR\n$GE \n  if #Democrats  win #georgia and #senate , these stocks will do better. #P\xe2\x80\xa6'"
2021-01-06,"b'$BWEN\n$FCEL\n$NKLA\n$NIO\n$GM \n$TLSA \n$FSLR\n$GE \n  if #Democrats  win #georgia and #senate , these stocks will do better. #ParisAgreement #cleanenergy'"
