2021-01-05,b'$FIS Delta expiration 01/15/2021 #maxpain #options https://t.co/SX944Y2sr6 https://t.co/Y1BBLfxC2H'
2021-01-05,b'RT @Coin98Analytics: How Big Is @Polkadot Universal?\n\n$DOT $KSM $EDG $LINk $OCEAN $DIA $FIS $XOR $RING $DOCK $CELR $ONT $ANKR $AKRO $POLY $\xe2\x80\xa6'
2021-01-05,"b'$FIS #PUTSELLING! #REPEATACTION! The amount of puts they sell in this name when it gets ready to jump higher is ridiculous!  15,000 Jan2021 130 puts sold https://t.co/Ztr8UUjjd7 https://t.co/AKfVLTYhQT'"
2021-01-05,"b'RT @Shoboiiii: $LYXE, $PHA, $CRU, $FIS are my bets for 2021 currently.\n\n$LYXE has so much under NDA. When news leaks, Chico Crypto will pum\xe2\x80\xa6'"
2021-01-04,b'RT @sbwcws: Paya Holdings price target raised to $18 from $15 at BTIG\n$PAYA $FIS $GPN'
2021-01-04,"b""@davidgokhshtein At the moment, my favorite is $FIS - @StaFi_Protocol \nIt's the First #DeFi Protocol Unlocking Liquidity of Staked Assets"""
2021-01-04,b'$FIS 2021-01-15 CALL $130\n\nBid-Ask: $0.35 -  $0.55\nVol/OI: 31.8\nVol: 15891\nOpen Interest: 500\n% OTM: 7.08%\nIV: 35.28%\n\nView Full UOA List: https://t.co/7u4Y8Hogx9\n#options #unusualactivity #UOA'
2021-01-04,b'Paya Holdings price target raised to $18 from $15 at BTIG\n$PAYA $FIS $GPN'
2021-01-04,"b'Paya Holdings (PAYA, Buy, $18 PT): Reiterating Buy While Raising PT to $18; With Discussions Around Would-Be $FIS - $GPN Merger Reportedly Broken Down, Merchant Acquirers Could Shift M&amp;A Focus to Integrated Payment Firms Like PAYA https://t.co/TZHWlVTzYY #btig $paya #fintech'"
2021-01-04,b'@cmcal_bot @VrelaBosna Are you swing trading the Technology sector? $FIS is currently the most undervalued symbol. Relative value analysis is real edge.  Free report now. https://t.co/BkPhUqHAG9'
2021-01-04,b'RT @cmcal_bot: \xf0\x9f\x86\x95 New Stafi $FIS event! \n \n04 January 2021 \nDecember Monthly Update  \n \nSource: https://t.co/Ha4Zokv7zi https://t.co/C5Qt5r7\xe2\x80\xa6'
2021-01-04,"b'Call/Put Highest % Volume Changes: Calls: $TRXC, $TIGR, $IFF, $GFI, $CSTM Puts: $FIS, $IFF, $SVXY, $BEKE, $LMT'"
2021-01-04,b'RT @DrCrypto47: Jan 1st  2021 LOW MC &amp; UNRELEASED GEM LIST\n\n$TVK \xf0\x9f\x92\x8e\n$PPAY \xf0\x9f\x92\x8e\n$XED \xf0\x9f\x92\x8e\n$RFUEL \xf0\x9f\x92\x8e\n$OM \xf0\x9f\x92\x8e\n$EQ \xf0\x9f\x92\x8e\n$TIDAL \xf0\x9f\x92\x8e\n$PHA \xf0\x9f\x92\x8e\n$REEF \xf0\x9f\x92\x8e\n$KYL \xf0\x9f\x92\x8e \n$UNN\xe2\x80\xa6'
2021-01-04,"b""Isn't it best time to invest in \n$link $rsr $dot $ada $eth $ksm $pha $mph $rfuel $txl $unn $spdr $ppay $dgcl $dec $xed $maha $roya $fis $alts $alts $alt $alts $alt $alts ??\nLol, it's time. Send it \xf0\x9f\x9a\x80\xf0\x9f\x9a\x80"""
2021-01-04,"b'StaFi $FIS is live on Nomics with a price of $0.76136847, and volume of $861,447.33 @StaFi_Protocol https://t.co/mT4eokKxhV'"
2021-01-04,b'RT @DrCrypto47: Jan 1st  2021 LOW MC &amp; UNRELEASED GEM LIST\n\n$TVK \xf0\x9f\x92\x8e\n$PPAY \xf0\x9f\x92\x8e\n$XED \xf0\x9f\x92\x8e\n$RFUEL \xf0\x9f\x92\x8e\n$OM \xf0\x9f\x92\x8e\n$EQ \xf0\x9f\x92\x8e\n$TIDAL \xf0\x9f\x92\x8e\n$PHA \xf0\x9f\x92\x8e\n$REEF \xf0\x9f\x92\x8e\n$KYL \xf0\x9f\x92\x8e \n$UNN\xe2\x80\xa6'
2021-01-04,"b'Today Top Flow in #technology sector, Buy Flow &amp; Sell Flow $NVDA $ADSK $EBAY $LRCX $APH $FSLR $TXN $ADI $WDC $XLNX $AAPL $GOOGL $QCOM $MU $GOOG $IBM $ADBE $MSFT $FIS $CSCO #stock #stocks #StockMarket #Investment #investing https://t.co/Gr3YvQQ4OY https://t.co/QtLhexeYEd'"
2021-01-04,b'Wellesley Hills Financial Feed\n                                     \n$MA         -1.04%\n$V            -0.75%\n$PYPL      +0.96%\n$SQ          +3.15%\n$FIS          -1.63%\n$GPN        -2.34%\n\n#payments #fintech'
2021-01-04,"b'Today Top Flow in #technology sector, Buy Flow &amp; Sell Flow $NVDA $ADSK $EBAY $LRCX $APH $FSLR $TXN $ADI $WDC $XLNX $AAPL $GOOGL $QCOM $MU $GOOG $IBM $ADBE $MSFT $FIS $CSCO #stock #stocks #StockMarket #Investment #investing https://t.co/5JE2nlrW3B https://t.co/f9bqeWrtAI'"
2021-01-04,"b""Rose Above Previous Day's High today: $ALE $KAR $BKE $USO $MNRL $AERI $ASPS $NKE $TRV $SPR $WU $SNX $DRE $UNH $FIS $TFC $DLR $AWK $TWTR $EOG ... https://t.co/TBYRpvrFqi"""
2021-01-04,"b'$FIS  #Options #maxpain Chart, Open Interest Chart Update #OptionsTrading #OptionsFlow #optionstrade #optiontrading #stocks #stock #StockMarket #Investment #investing #invest #investor #investors #UOA https://t.co/I8hjTlEqg3\nhttps://t.co/BxCNPmlGQi https://t.co/06uJAqs6im'"
2021-01-04,b'\xf0\x9f\x86\x95 New Stafi $FIS event! \n \n04 January 2021 \nDecember Monthly Update  \n \nSource: https://t.co/Ha4Zokv7zi https://t.co/C5Qt5r70rk'
2021-01-04,b'RT @paparazzo75: Which $dot parachains trading rn will hit 100 mcaps in q1 \n\nHonest guesses \n(Whether I have bag or not )\n$edg\n$klp \n$pha\xe2\x80\xa6'
2021-01-04,b'@DinosDelPasado @Adouble212 @Bridge_Mutual @Polkacover @paid_network Are you swing trading the Technology sector? $FIS is currently the most undervalued symbol. Relative value analysis is real edge.  Free report now. https://t.co/BkPhUqHAG9'
2021-01-04,b'@Adouble212 @Bridge_Mutual @Polkacover @paid_network The BEST proyect is $FIS. \nrETH token \xf0\x9f\x91\x8c'
2021-01-04,"b'@MacroCRG You need to look at this three $BLZ , $FIS , $Reef'"
2021-01-04,b'@StaFi_Protocol Great milestone \xf0\x9f\x91\x8f $FIS'
2021-01-04,b'RT @bitcoin_brown: The potential to 50-100x ROI on the projects listed below is far more likely than that of other generic #crypto projects\xe2\x80\xa6'
2021-01-04,b'RT @Coin98Analytics: How Big Is @Polkadot Universal?\n\n$DOT $KSM $EDG $LINk $OCEAN $DIA $FIS $XOR $RING $DOCK $CELR $ONT $ANKR $AKRO $POLY $\xe2\x80\xa6'
2021-01-04,b'Not sellin my $dot parachains just not adding anymore till we get the clarity on range !\n\n$fis $xrt $cru $ring $pha'
2021-01-04,"b'RT @LilMoonLambo: Everyone is apeing into $DOT projects now, and StaFi $FIS is one of the biggest projects in the Polkadot ecosystem \xf0\x9f\x91\x80'"
2021-01-04,b'RT @LilMoonLambo: StaFi $FIS will break its all time high in the next 2-3 months\n\nYou guys have no idea how bullish the Polkadot $DOT ecosy\xe2\x80\xa6'
2021-01-04,b'$FIS of @StaFi_Protocol https://t.co/MPkSzWMXDu'
2021-01-04,b'@LilMoonLambo People are excited about $dot.\nPeople are excited about $defi\nWait till they hear about $fis'
2021-01-04,b'RT @LilMoonLambo: StaFi $FIS will break its all time high in the next 2-3 months\n\nYou guys have no idea how bullish the Polkadot $DOT ecosy\xe2\x80\xa6'
2021-01-04,b'RT @LilMoonLambo: StaFi $FIS will break its all time high in the next 2-3 months\n\nYou guys have no idea how bullish the Polkadot $DOT ecosy\xe2\x80\xa6'
2021-01-04,b'RT @LilMoonLambo: StaFi $FIS will break its all time high in the next 2-3 months\n\nYou guys have no idea how bullish the Polkadot $DOT ecosy\xe2\x80\xa6'
2021-01-04,b'RT @LilMoonLambo: StaFi $FIS will break its all time high in the next 2-3 months\n\nYou guys have no idea how bullish the Polkadot $DOT ecosy\xe2\x80\xa6'
2021-01-04,b'StaFi $FIS will break its all time high in the next 2-3 months\n\nYou guys have no idea how bullish the Polkadot $DOT ecosystem is about to be'
2021-01-04,b'Which $dot parachains trading rn will hit 100 mcaps in q1 \n\nHonest guesses \n(Whether I have bag or not )\n$edg\n$klp \n$pha \n$ring \n$fis (maybe)\n$xrt\n$pcx'
2021-01-04,b'@josephchividian @martydad29 I like $BTWN. Watch out for $AACQ. The CEO has a no compete clause with WorldPay and $FIS. A poster here posed the pic of the clause. FYI.\nI\xe2\x80\x99m holding $FUSE $BFT and $BTWN.'
2021-01-04,b'When peeps realize $fis sittin at just  8mcap \xf0\x9f\xa4\xa3\xf0\x9f\xa4\xa3\xf0\x9f\xa4\xa3'
2021-01-04,b'Under 70 cents entries dint come but I grabbed some to add to my $fis bag \xf0\x9f\x98\xad'
2021-01-04,"b""RT @Shoboiiii: I have to admit, I've overlooked @StaFi_Protocol for a while now due to the website. \n\nBut after some DD, $FIS is a legit de\xe2\x80\xa6"""
2021-01-04,b'@IvanOnTech Buy $FIS $REEF'
2021-01-04,"b'RT @LilMoonLambo: Everyone is apeing into $DOT projects now, and StaFi $FIS is one of the biggest projects in the Polkadot ecosystem \xf0\x9f\x91\x80'"
2021-01-04,"b'RT @LilMoonLambo: Everyone is apeing into $DOT projects now, and StaFi $FIS is one of the biggest projects in the Polkadot ecosystem \xf0\x9f\x91\x80'"
2021-01-04,"b'My bag outside of binance\nStafi \xe2\x9c\x93 $FIS  Top polkadot network , rumors binance launchpad , cap 7M \nFida \xe2\x9c\x93  $FIDA  Solana ecosystem, Bonfida DEX offers a seamless Graphical User Interface to trade on Serum. cap 11M'"
2021-01-04,"b'RT @LilMoonLambo: Everyone is apeing into $DOT projects now, and StaFi $FIS is one of the biggest projects in the Polkadot ecosystem \xf0\x9f\x91\x80'"
2021-01-04,"b'RT @LilMoonLambo: Everyone is apeing into $DOT projects now, and StaFi $FIS is one of the biggest projects in the Polkadot ecosystem \xf0\x9f\x91\x80'"
2021-01-04,b'@LilMoonLambo $FIS to Mars'
2021-01-04,b'@LilMoonLambo .. and we have our $FIS bags \xf0\x9f\xa5\xb3'
2021-01-04,"b'RT @LilMoonLambo: Everyone is apeing into $DOT projects now, and StaFi $FIS is one of the biggest projects in the Polkadot ecosystem \xf0\x9f\x91\x80'"
2021-01-04,"b'RT @LilMoonLambo: Everyone is apeing into $DOT projects now, and StaFi $FIS is one of the biggest projects in the Polkadot ecosystem \xf0\x9f\x91\x80'"
2021-01-04,"b'Everyone is apeing into $DOT projects now, and StaFi $FIS is one of the biggest projects in the Polkadot ecosystem \xf0\x9f\x91\x80'"
2021-01-04,b'RT @hi_blessings: Here\xe2\x80\x99s wishing you all the joy of the season. Have a Happy New Year!\n\n#inspire #perspire 1st of January #explore #StaFi #\xe2\x80\xa6'
2021-01-04,b'RT @hi_blessings: Here\xe2\x80\x99s wishing you all the joy of the season. Have a Happy New Year!\n\n#inspire #perspire 1st of January #explore #StaFi #\xe2\x80\xa6'
2021-01-03,"b'@Twistelaar I still am! but I reduced my exposure to get into $PHA, $CRU and $FIS. Parachain auctions are around the corner.'"
2021-01-03,"b'RT @Shoboiiii: $LYXE, $PHA, $CRU, $FIS are my bets for 2021 currently.\n\n$LYXE has so much under NDA. When news leaks, Chico Crypto will pum\xe2\x80\xa6'"
2021-01-03,"b'RT @DeItaone: *FIS, Global Payments Held Unsuccessful Talks to Merge, Sources\n\n*Talks Between FIS, Global Payments Fell Apart in Recent Day\xe2\x80\xa6'"
2021-01-03,"b""@scoinaldo The  most promising investment that I am on, It doesn't support pumps and dumps and It is likely to go a 10x are:\n\n$ORO - @ReefDeFi \n\n$ORO - #OpenDeFi by @oropocket \n\n$FIS - @StaFi_Protocol"""
2021-01-03,b'@IvanOnTech $Reef by @ReefDeFi \n$FIS by @StaFi_Protocol \n$ORO by #OpenDeFi @oropocket'
2021-01-03,"b'RT @Shoboiiii: $LYXE, $PHA, $CRU, $FIS are my bets for 2021 currently.\n\n$LYXE has so much under NDA. When news leaks, Chico Crypto will pum\xe2\x80\xa6'"
2021-01-03,b'Killer picks from @Shoboiiii \n\nGet ready for those parachain auctions!! \n\n$KSM $DOT $PHA $FIS $CRU $PLM $ACA $XOR https://t.co/dofHFHLtv6'
2021-01-03,"b'$LYXE, $PHA, $CRU, $FIS are my bets for 2021 currently.\n\n$LYXE has so much under NDA. When news leaks, Chico Crypto will pump us to +$10. $LYXE is one of his top picks.\n\n$PHA, $CRU, $FIS will win the parachain auctions. Guaranteed gains IMO.'"
2021-01-03,b'RT @imcryptohustler: My Top Gainers for the week of Jan 3 2021 !! $dot $axn $kton $bnkrx $eth $pcx $ksm $ring $fis $dark @Polkadot @axion_n\xe2\x80\xa6'
2021-01-03,b'RT @imcryptohustler: My Top Gainers for the week of Jan 3 2021 !! $dot $axn $kton $bnkrx $eth $pcx $ksm $ring $fis $dark @Polkadot @axion_n\xe2\x80\xa6'
2021-01-03,"b""RT @Shoboiiii: I have to admit, I've overlooked @StaFi_Protocol for a while now due to the website. \n\nBut after some DD, $FIS is a legit de\xe2\x80\xa6"""
2021-01-03,b'@beincrypto I will buy #Stafi $FIS and Staking it immediately on $Stafi chain and still be rewarded on #rToken tradable incentive Token.\n#rETH #rFIS https://t.co/ITxVTs6Zbt'
2021-01-03,b'@Pastore1314 Thoughts on $FIS? @StaFi_Protocol'
2021-01-03,"b'@Pastore1314 @polkastarter @TheMahaDAO @kusamanetwork Hey, what about $FIS @StaFi_Protocol ?'"
2021-01-03,b'First target for $LINK - $37\n\nPlay the cycles.\n\n#Bitcoin  #DeFi $DOT $KSM $ETH $XOR $XRT $OM $RFUEL $TVK $PCX $FIS $UNN $POLS $RING $GRT $TRB $CLIQ $REEF $KYL $COTI $GHST $REVV $PPAY https://t.co/DyxbFiNdMt'
2021-01-03,b'RT @DrCrypto47: Jan 1st  2021 LOW MC &amp; UNRELEASED GEM LIST\n\n$TVK \xf0\x9f\x92\x8e\n$PPAY \xf0\x9f\x92\x8e\n$XED \xf0\x9f\x92\x8e\n$RFUEL \xf0\x9f\x92\x8e\n$OM \xf0\x9f\x92\x8e\n$EQ \xf0\x9f\x92\x8e\n$TIDAL \xf0\x9f\x92\x8e\n$PHA \xf0\x9f\x92\x8e\n$REEF \xf0\x9f\x92\x8e\n$KYL \xf0\x9f\x92\x8e \n$UNN\xe2\x80\xa6'
2021-01-03,b'@CryptoMichNL I am also looking to accumulate @ethoptio\n a small cap #GEM \nOnly one million supply of token.\nReal competitor of #HEGIC  \nOn 08 January main net launch. \n#defi #uniswap $fis $spdr $swfl #WETH #UMEX #USDC #USDT #DAI #WBTC #UNI #DPI #LINK #HEX #Defi #Uniswap #Ethereum https://t.co/fXtNQONrzD'
2021-01-03,b'@StackingUSD I am also looking to accumulate @ethoptio a small cap #GEM \n1\xe2\x83\xa3 Only one million supply of token.\n2\xe2\x83\xa3 Real competitor of #HEGIC  \n3\xe2\x83\xa3 On 08 January main net launch. \n#defi #uniswap $fis $spdr $swfl #WETH #UMEX #USDC #USDT #DAI #WBTC #UNI #DPI #LINK #HEX #Defi #Uniswap #Ethereum https://t.co/40uFnAJWLU'
2021-01-03,b'$pha $fis $ring $cru $rfuel $oax $xrt \nAcala bifrost https://t.co/Qc5Wf0xIHx'
2021-01-03,b'RT @imcryptohustler: My Top Gainers for the week of Jan 3 2021 !! $dot $axn $kton $bnkrx $eth $pcx $ksm $ring $fis $dark @Polkadot @axion_n\xe2\x80\xa6'
2021-01-03,b'#Bitcoin dominance is dropping people. Are you ready for your bags to moon.\n\n#DeFi $BTC $DOT $KSM $ETH $LINK $XOR $XRT $OM $RFUEL $TVK $PCX $FIS $UNN $POLS $RING $EQ $BOND $SPDR $GRT $TRB $DOS $CLIQ $REEF $KYL $OCEAN $DOCK $SNX $COTI $GHST $REVV $PPAY'
2021-01-03,b'RT @imcryptohustler: My Top Gainers for the week of Jan 3 2021 !! $dot $axn $kton $bnkrx $eth $pcx $ksm $ring $fis $dark @Polkadot @axion_n\xe2\x80\xa6'
2021-01-03,b'RT @imcryptohustler: My Top Gainers for the week of Jan 3 2021 !! $dot $axn $kton $bnkrx $eth $pcx $ksm $ring $fis $dark @Polkadot @axion_n\xe2\x80\xa6'
2021-01-03,b'My Top Gainers for the week of Jan 3 2021 !! $dot $axn $kton $bnkrx $eth $pcx $ksm $ring $fis $dark @Polkadot @axion_network @BankrollNetwork @ethereum @chainx_org @kusamanetwork @DarwiniaNetwork @StaFi_Protocol @DarkPayCoin https://t.co/ZmTDYpy8HH'
2021-01-03,"b'\xf0\x9f\x94\xa5\xf0\x9f\x94\xa5\xf0\x9f\x94\xa5\n@StaFi_Protocol @Kamiesheep \n#rFIS is the staking derivatives of $FIS, the native token of StaFi.\nget staking rewards in #rTokens using #stafi\n#stafi #ETH  #staking https://t.co/E9QOyFFzCc'"
2021-01-03,"b'@TrueCrypto28 My best are $BLZ , $FIS , $Reef'"
2021-01-03,"b""@MagUraCrypto It's time for $BLZ and $FIS ."""
2021-01-03,"b""RT @DrCrypto47: We are all extremely bullish when it comes to $DOT and all #Polkadot ecosystem projects.\n\nYet another prediction from 'The\xe2\x80\xa6"""
2021-01-03,"b""We are all extremely bullish when it comes to $DOT and all #Polkadot ecosystem projects.\n\nYet another prediction from 'The TA Wizard' @AskCryptoWealth on $DOT.\n\nCheck tweet below.\n\n#Bitcoin  $KSM $OCEAN $XOR $POLS $PCX $AKRO $RING $KTON $XRT $PHA $OM $RFUEL $FIS $SPDR $REEF $CLIQ https://t.co/DOd1WxNUdM"""
2021-01-03,b'$V short ratio on 2019-05-31 is 4.04 https://t.co/8Srpge8mjY $FIS 9.09'
2021-01-03,b'RT @NyeCrypto: Why recommending $FIS @ $0.50\n\nWHY I AM SAYING SWICH TO POLKA PROJECTS.... NEXT IS \n$PHA  cp $0.12 and \n$AKRO  cp $0.009 htt\xe2\x80\xa6'
2021-01-03,b'@paparazzo75 @StaFi_Protocol nice man! i caught the bottom of $PHA and $CRU but still DCAing on $FIS \xe2\x9c\x8c\xef\xb8\x8f'
2021-01-03,b'Anythin under 70 cents on $fis is blessing here will load some more to my bag'
2021-01-03,b'RT @hi_blessings: Here\xe2\x80\x99s wishing you all the joy of the season. Have a Happy New Year!\n\n#inspire #perspire 1st of January #explore #StaFi #\xe2\x80\xa6'
2021-01-03,"b""@bitcoin_brown @Polkadot Don't sleep on @StaFi_Protocol $FIS though."""
2021-01-03,b'RT @hi_blessings: Here\xe2\x80\x99s wishing you all the joy of the season. Have a Happy New Year!\n\n#inspire #perspire 1st of January #explore #StaFi #\xe2\x80\xa6'
2021-01-03,b'RT @hi_blessings: Here\xe2\x80\x99s wishing you all the joy of the season. Have a Happy New Year!\n\n#inspire #perspire 1st of January #explore #StaFi #\xe2\x80\xa6'
2021-01-03,"b""RT @Shoboiiii: I have to admit, I've overlooked @StaFi_Protocol for a while now due to the website. \n\nBut after some DD, $FIS is a legit de\xe2\x80\xa6"""
2021-01-03,b'@Shoboiiii @StaFi_Protocol I swept all that was on huobi \xf0\x9f\x98\x9c\xf0\x9f\x98\x9c\n\n$fis came with the pack I guess'
2021-01-03,"b""RT @Shoboiiii: I have to admit, I've overlooked @StaFi_Protocol for a while now due to the website. \n\nBut after some DD, $FIS is a legit de\xe2\x80\xa6"""
2021-01-03,b'@Coin98Analytics @Polkadot @gavofyork @AcalaNetwork @MoonbeamNetwork @StaFi_Protocol @ZenlinkPro @tidaldefi @EquilibriumDeFi @Plasm_Network @chainx_org @polkaswap $FIS \n@StaFi_Protocol\n  moon'
2021-01-03,"b""@dgntec I agree with you, this is more reason am pushing my investment portfolio\xf0\x9f\x92\xb0 to StaFi's $FIS , it possesses good investment potential."""
2021-01-03,"b'RT @DrCrypto47: The best thing about #Bitcoin  parabolic moves? When it corrects, Alts will pump. And which alts will pump hardest?\n$DOT ec\xe2\x80\xa6'"
2021-01-03,"b""@SpartanBlack_1 @Darrenlautf StaFi's $FIS is growing stronger \xf0\x9f\x94\xa5 ."""
2021-01-03,b'RT @CryptoDiffer: \xe2\x9d\x97\xef\xb8\x8f@FireProtocolOS $FIRE partners with @StaFi_Protocol $FIS in Liquidity Staking\n\nBoth sides will work together to further\xe2\x80\xa6'
2021-01-03,"b'RT @DrCrypto47: The best thing about #Bitcoin  parabolic moves? When it corrects, Alts will pump. And which alts will pump hardest?\n$DOT ec\xe2\x80\xa6'"
2021-01-03,b'RT @DrCrypto47: I would like to wish everyone a happy #ALTSEASON and #FinancialFreedom \n\nI hope you 1000x!\n\n#Bitcoin  #DeFi $BTC $DOT $KSM\xe2\x80\xa6'
2021-01-03,"b""X2 next after $FIS =))) Let's see @EasyfiNetwork \xf0\x9f\x9a\x80 \xf0\x9f\x9a\x80 \xf0\x9f\x9a\x80 https://t.co/VweC4QC8nT"""
2021-01-03,b'@Coin98Analytics @Polkadot @gavofyork @AcalaNetwork @MoonbeamNetwork @StaFi_Protocol @ZenlinkPro @tidaldefi @EquilibriumDeFi @Plasm_Network @chainx_org @polkaswap $FIS @StaFi_Protocol  moon'
2021-01-03,b'RT @UPBOptionMil: Some of todays top stock option open interest changes $PCG $F $XP $FIS $PBR $SIRI $PBI $AR $MSFT $IVR https://t.co/egVgji\xe2\x80\xa6'
2021-01-03,"b""I have to admit, I've overlooked @StaFi_Protocol for a while now due to the website. \n\nBut after some DD, $FIS is a legit defi protocol that solves a major use case in crypto. \n\nTheir rToken will be compatible to $DOT, $ETH &amp; $ATOM ecosystem + will be a parachain winner \xe2\xad\x90\xef\xb8\x8f https://t.co/AZTRsDPafe"""
2021-01-03,b'$TMRC BOD to tip hand in pending straw vote on likelihood of acquisition this month\nhttps://t.co/fK8PPZ6hwp\n\n$TROW $FIS $EIGI $CWIR $HSIC $TRIP $CHRW $BWA $VPER $VIAV $WTW $CAKE  $CMCM $AFOM $FLPC'
2021-01-03,"b""Though it's not $nft season out there u should have $lyxe in your portfolio \n\nJust a suggestion\nThis thing can blast crazzy \n\nAll it takes is some peeps lookin into what they are offerin \n$dot $ksm $xrt $pha $fis $cru"""
2021-01-03,"b""All $dot coins have recovered nicely\n\nYou don't sell the the recovery of u bought the bottom on them , accumulate long way to go \n\n$fis $cru $oax  \n$xrt $ring $pha"""
2021-01-02,b'RT @Coin98Analytics: How Big Is @Polkadot Universal?\n\n$DOT $KSM $EDG $LINk $OCEAN $DIA $FIS $XOR $RING $DOCK $CELR $ONT $ANKR $AKRO $POLY $\xe2\x80\xa6'
2021-01-02,b'@MiddleChildPabk @ElonTrades And $FIS'
2021-01-02,b'@MiddleChildPabk @Polkadot @kusamanetwork What about $FIS. After $KSM the 2nd Polkadot project with most nodes. https://t.co/7uneYHiqmh'
2021-01-02,b'@CryptoDiffer @Ripple @Bondedfinance @Theta_Network @horizenglobal @NEMofficial @StaFi_Protocol @binance @OKEx @BitMax_Official @CryptoRank_io @ZBScapital December 2020 looks great on $FIS \xf0\x9f\x94\xa5 more progress is on track 2021\xe2\x9c\x88\xef\xb8\x8f\xe2\x9c\x88\xef\xb8\x8f\xf0\x9f\x8c\x9f.'
2021-01-02,b'Made profit with $VET flipping on exchanges Free money guys \n\nStep 1 buy $VET from binance in cheap $0.0208\nStep 2 Sell on https://t.co/5untDhsJRn for PayPal $0.058\n\nFree money thank me later \n\n$FIS $XRP $LTC $DOGE $RFI $YFI $ETH $BTC'
2021-01-02,b'RT @Coin98Analytics: How Big Is @Polkadot Universal?\n\n$DOT $KSM $EDG $LINk $OCEAN $DIA $FIS $XOR $RING $DOCK $CELR $ONT $ANKR $AKRO $POLY $\xe2\x80\xa6'
2021-01-02,b'RT @DrCrypto47: DO YOU KNOW THAT $DOT AND EVERY SINGLE #POLKADOT ECOSYSTEM PROJECT COULD POTENTIALLY GIVE YOU #FINANCIALFREEDOM?\n\nSEND THEM\xe2\x80\xa6'
2021-01-02,"b""RT @DarkCryptoLord: $DOT +100% since Christmas Eve\n\nCongratulations to all fellow #PolkaGang!!! Now, let's see how the Polka Projects do\n\nC\xe2\x80\xa6"""
2021-01-02,b'@HuobiGlobal aint ded last one for today!\n$fis https://t.co/Ox0ngfTdpN'
2021-01-02,b'RT @DrCrypto47: Jan 1st  2021 LOW MC &amp; UNRELEASED GEM LIST\n\n$TVK \xf0\x9f\x92\x8e\n$PPAY \xf0\x9f\x92\x8e\n$XED \xf0\x9f\x92\x8e\n$RFUEL \xf0\x9f\x92\x8e\n$OM \xf0\x9f\x92\x8e\n$EQ \xf0\x9f\x92\x8e\n$TIDAL \xf0\x9f\x92\x8e\n$PHA \xf0\x9f\x92\x8e\n$REEF \xf0\x9f\x92\x8e\n$KYL \xf0\x9f\x92\x8e \n$UNN\xe2\x80\xa6'
2021-01-02,"b'RT @DrCrypto47: The best thing about #Bitcoin  parabolic moves? When it corrects, Alts will pump. And which alts will pump hardest?\n$DOT ec\xe2\x80\xa6'"
2021-01-02,b'@Rewkang $SNX and others looks great but @StaFi_Protocol  $FIS looks greater \xf0\x9f\x92\xaa\xf0\x9f\x92\xaf\xe2\x9c\x94\xef\xb8\x8f'
2021-01-02,b'$FIS is the ultimate $DOT project'
2021-01-02,b'Compounding on my $fis bag feels so easy \xf0\x9f\x98\x8d\xf0\x9f\x98\x8d\nGot another 20 percent'
2021-01-02,"b'RT @DrCrypto47: The best thing about #Bitcoin  parabolic moves? When it corrects, Alts will pump. And which alts will pump hardest?\n$DOT ec\xe2\x80\xa6'"
2021-01-02,b'Even though $pha hasnt run much still my fav among all the $dot coins  I own \n\nPatience will be rewarded \n\nStrongest of the bunch \xf0\x9f\xa5\xb0\xf0\x9f\xa5\xb0\n\n$xrt $oax $cru $ring $fis'
2021-01-02,b'@Coin98Analytics @StaFi_Protocol @Polkadot @polkaprojectcom @gavofyork @kusamanetwork @HeyEdgeware @sora_xor @docknetwork @akropolisio @DarwiniaNetwork My choice goes for $FIS \xf0\x9f\x92\xaf\xe2\x9c\x94\xef\xb8\x8f\xe2\x9c\x94\xef\xb8\x8f'
2021-01-02,"b'RT @DrCrypto47: The best thing about #Bitcoin  parabolic moves? When it corrects, Alts will pump. And which alts will pump hardest?\n$DOT ec\xe2\x80\xa6'"
2021-01-02,b'RT @paparazzo75: Good ol $oax is the only $dot $ksm parachain on binance \n\nThe fomo and volume on this will be ridiculous \n\nParachain regis\xe2\x80\xa6'
2021-01-02,"b'RT @DrCrypto47: The best thing about #Bitcoin  parabolic moves? When it corrects, Alts will pump. And which alts will pump hardest?\n$DOT ec\xe2\x80\xa6'"
2021-01-02,"b'The best thing about #Bitcoin  parabolic moves? When it corrects, Alts will pump. And which alts will pump hardest?\n$DOT ecosystem alts.\n\n#DYOR\n\n$KSM $LINK $OCEAN $ANKR $EDG $XOR $POLS $PCX $AKRO $RING $KTON $XRT $PHA $OM $DOCK $RFUEL $FIS $SPDR $REEF $CRU $CLIQ $EQ $DEGO $TIDAL'"
2021-01-02,b'RT @Rittickriego: One spring &amp; 100% Yes this is bull run\xf0\x9f\x98\x82\xf0\x9f\x99\x8f\n\nWhales will pump coins one by one like this \xf0\x9f\x91\x8f\n\n$Doge $utk $rsr $ocean $akro $an\xe2\x80\xa6'
2021-01-02,b'Good ol $oax is the only $dot $ksm parachain on binance \n\nThe fomo and volume on this will be ridiculous \n\nParachain registrations open 4 Jan \n\n$xrt $fis $doge $kton $Ring $rfuel $cru $Pha'
2021-01-02,b'One spring &amp; 100% Yes this is bull run\xf0\x9f\x98\x82\xf0\x9f\x99\x8f\n\nWhales will pump coins one by one like this \xf0\x9f\x91\x8f\n\n$Doge $utk $rsr $ocean $akro $ankr $easy $one $rfuel $fis $dia $plotx https://t.co/hoadE40e4f'
2021-01-02,b'RT @DrCrypto47: Jan 1st  2021 LOW MC &amp; UNRELEASED GEM LIST\n\n$TVK \xf0\x9f\x92\x8e\n$PPAY \xf0\x9f\x92\x8e\n$XED \xf0\x9f\x92\x8e\n$RFUEL \xf0\x9f\x92\x8e\n$OM \xf0\x9f\x92\x8e\n$EQ \xf0\x9f\x92\x8e\n$TIDAL \xf0\x9f\x92\x8e\n$PHA \xf0\x9f\x92\x8e\n$REEF \xf0\x9f\x92\x8e\n$KYL \xf0\x9f\x92\x8e \n$UNN\xe2\x80\xa6'
2021-01-02,b'RT @DrCrypto47: Jan 1st  2021 LOW MC &amp; UNRELEASED GEM LIST\n\n$TVK \xf0\x9f\x92\x8e\n$PPAY \xf0\x9f\x92\x8e\n$XED \xf0\x9f\x92\x8e\n$RFUEL \xf0\x9f\x92\x8e\n$OM \xf0\x9f\x92\x8e\n$EQ \xf0\x9f\x92\x8e\n$TIDAL \xf0\x9f\x92\x8e\n$PHA \xf0\x9f\x92\x8e\n$REEF \xf0\x9f\x92\x8e\n$KYL \xf0\x9f\x92\x8e \n$UNN\xe2\x80\xa6'
2021-01-02,b'Guess this was all the $fis dip u gonna get'
2021-01-02,"b'@CobraCrypto Buy $FIS of @StaFi_Protocol, their rETH Mainnet to be launched soon, hopefully this January, project has gotten functional products plus endorsed with experience team.\n\n#altcoins #crypto #bull'"
2021-01-02,b'@CryptoFinally $Reef $FIS &amp; $ORO \xf0\x9f\x9a\x80'
2021-01-02,b'Compounded like 30 percent on $fis \n\xf0\x9f\xa5\xb0\xf0\x9f\xa5\xb0'
2021-01-02,b'$oax heating up peeps realizing they got a parachain \n\nWill put $fis profits here If I can get an entry and add to my bag \n\n$xrt $pha $fis $rfuel $cru $ring'
2021-01-02,b'I sacrificed for you guys $FIS @Pastore1314 https://t.co/jurJ6pODGF'
2021-01-02,"b'RT @easyforshopping: Polkadot will need Stafi in the future!\n\nFollow $FIS @StaFi_Protocol &lt;3 &lt;3 &lt;3\n\nPartner: @DexeNetwork (Dex), @chainlink\xe2\x80\xa6'"
2021-01-02,b'Dang 2x on $fis in like 2 days took some out to put in another $dot coin \xf0\x9f\xa5\xb0\xf0\x9f\xa5\xb0\xf0\x9f\xa5\xb0'
2021-01-02,b'$FIS will x3 to 1.5$ soon??? @StaFi_Protocol Great! I think your project will list Binance soon! https://t.co/To3MoAjKCd'
2021-01-02,b'RT @hi_blessings: Here\xe2\x80\x99s wishing you all the joy of the season. Have a Happy New Year!\n\n#inspire #perspire 1st of January #explore #StaFi #\xe2\x80\xa6'
2021-01-02,b'Why recommending $FIS @ $0.50\n\nWHY I AM SAYING SWICH TO POLKA PROJECTS.... NEXT IS \n$PHA  cp $0.12 and \n$AKRO  cp $0.009 https://t.co/Hez813TEEh'
2021-01-02,b'Not many parachains actually out there that are gunning for spots in 4 to 5 slots in auction\n\nGoin to be a very different $ksm $dot ecosystem run in my opinion \n\nDyor \n\n$pha $fis acala $cru $ring bifrost \n\nWhat else sirs ???'
2021-01-02,"b'$FIS and $DOT x2 completed! Next $AVAX, $DHT or $HT???\xf0\x9f\x9a\x80\xf0\x9f\x9a\x80\xf0\x9f\x9a\x80\xf0\x9f\x9a\x80 @avalancheavax @dHedgeOrg @HuobiGlobal go next \xe2\x9d\xa4\xef\xb8\x8f\xe2\x9d\xa4\xef\xb8\x8f\xe2\x9d\xa4\xef\xb8\x8f https://t.co/MTY2tI3S7w'"
2021-01-02,"b'I forgot I put my sell order for $FIS I was tired of that piece of shit bleeding on Huobi and doing nothing else\n\nGuess what? I forgot about the order and it filled just today and its fucking pumping +30% after it filled my asks lmao\n\nCope frens, I sold almost bottom hahaha'"
2021-01-02,b'$FIS 60% \xf0\x9f\x9a\x80 \xf0\x9f\x9a\x80 \xf0\x9f\x9a\x80 \xf0\x9f\x9a\x80 \xf0\x9f\x9a\x80 @StaFi_Protocol Thanks so much! Very potential project! We believe in you \xe2\x9d\xa4 \xe2\x9d\xa4 \xe2\x9d\xa4 https://t.co/Uddt3opLhc'
2021-01-02,b'Lmao don\xe2\x80\x99t miss this profit with $VET flipping on exchanges Free money guys \n\nStep 1 buy $VET from binance in cheap $0.0198\nStep 2 Sell on https://t.co/O72FECkWTp for PayPal $0.058\n\nFree money thank me later \n\n$FIS $XRP $LTC $DOGE $RFI $YFI $ETH $BTC'
2021-01-02,"b'If you believe me, then you will be rich =)) $FIS 60% from my entry 0.5$ =)) Move more \xf0\x9f\x9a\x80 \xf0\x9f\x9a\x80 \xf0\x9f\x9a\x80 @StaFi_Protocol https://t.co/Ih9KDBERlP'"
2021-01-02,b'$fis goin for it \xf0\x9f\x98\x8d'
2021-01-02,"b""$FIS's price moved below its 50-day Moving Average on December 21, 2020. View odds for this and other indicators: https://t.co/1LLyFj2xQD #FidelityNationalInformationServices #stockmarket #stock #technicalanalysis #money #trading #investing #daytrading #news #today https://t.co/XLveyRIkW4"""
2021-01-02,"b'@Darrenlautf @DeribitExchange @HegicOptions @opyn_ @CryptoCred @EmperorBTC @KoroushAK @DuneAnalytics @graphprotocol @Covalent_HQ @UniswapProtocol $DOT, $AVAX, $HT, $BNB, $ETH, $FIS, $DHT, $CTK WILL PUMP MORE SOON! 2021 WILL MAKE THEM BE ALL TIME HIGH =)) https://t.co/irtsxCBuqn'"
2021-01-02,"b'Will $AVAX, $DOT, $HT, $DHT, $FIS, $BNB, $ETH BE ALL TIME HIGH LIKE $BTC? https://t.co/YWFkjbMG6K'"
2021-01-02,b'@NyeCrypto thanks sir i move that fund into $akro and $fis'
2021-01-02,b'RT @DrCrypto47: Jan 1st  2021 LOW MC &amp; UNRELEASED GEM LIST\n\n$TVK \xf0\x9f\x92\x8e\n$PPAY \xf0\x9f\x92\x8e\n$XED \xf0\x9f\x92\x8e\n$RFUEL \xf0\x9f\x92\x8e\n$OM \xf0\x9f\x92\x8e\n$EQ \xf0\x9f\x92\x8e\n$TIDAL \xf0\x9f\x92\x8e\n$PHA \xf0\x9f\x92\x8e\n$REEF \xf0\x9f\x92\x8e\n$KYL \xf0\x9f\x92\x8e \n$UNN\xe2\x80\xa6'
2021-01-02,b'@WazirXIndia List #Stafi $FIS an advance Staking Derivatives project for Credible Staking Reward incentive!'
2021-01-02,b'RT @DrCrypto47: Jan 1st  2021 LOW MC &amp; UNRELEASED GEM LIST\n\n$TVK \xf0\x9f\x92\x8e\n$PPAY \xf0\x9f\x92\x8e\n$XED \xf0\x9f\x92\x8e\n$RFUEL \xf0\x9f\x92\x8e\n$OM \xf0\x9f\x92\x8e\n$EQ \xf0\x9f\x92\x8e\n$TIDAL \xf0\x9f\x92\x8e\n$PHA \xf0\x9f\x92\x8e\n$REEF \xf0\x9f\x92\x8e\n$KYL \xf0\x9f\x92\x8e \n$UNN\xe2\x80\xa6'
2021-01-02,b'RT @hi_blessings: Here\xe2\x80\x99s wishing you all the joy of the season. Have a Happy New Year!\n\n#inspire #perspire 1st of January #explore #StaFi #\xe2\x80\xa6'
2021-01-02,"b'RT @borg_brain: SHOUTOUT to @polkawarriors for the killer infographics, wrapping up the huge year that Polkadot has had!!!\n\n$DOT $KSM $PLM\xe2\x80\xa6'"
2021-01-02,b'RT @Cassyokwy: #StaFi Joins @UniLend_Finance Ecosystem to Bring #rtoken to Unilend. Integrating #rtokens on UniLend opens the door to a New\xe2\x80\xa6'
2021-01-02,b'#StaFi Joins @UniLend_Finance Ecosystem to Bring #rtoken to Unilend. Integrating #rtokens on UniLend opens the door to a New stream of liquidity on The Unilend &amp; will enable users to take advantage of new avenues of yield generation.\nRead more \xf0\x9f\x91\x87\nhttps://t.co/qqq3UEKBMk\n\n$FIS https://t.co/Z4UvJ4RNdy'
2021-01-02,b'Your first crypto experience.\n\nWhat #Crypto coin/token did you first buy?\nWhen did you buy it? Year?\nWhich exchange did you buy it from? \n\n#Bitcoin  #DeFi $DOT $KSM $ETH $LINK $XOR $XRT $OM $RFUEL $TVK $PCX $FIS $UNN $POLS $RING $EQ $SPDR $GRT $CLIQ $REEF $KYL $COTI $REVV $PPAY'
2021-01-02,b'RT @Cassyokwy: ETH2.0 client developers and staking services need to learn how to avoid the conditions to being slashed. @StaFi_Protocol ha\xe2\x80\xa6'
2021-01-02,b'ETH2.0 client developers and staking services need to learn how to avoid the conditions to being slashed. @StaFi_Protocol has written a research article on how to deal with ETH2.0 staking slash scenario in #rETH solutions.\n\nRead the full article \xf0\x9f\x91\x87\nhttps://t.co/I0SMYbJTIe\n\n$FIS https://t.co/gQaNpv2clO'
2021-01-02,"b'RT @borg_brain: SHOUTOUT to @polkawarriors for the killer infographics, wrapping up the huge year that Polkadot has had!!!\n\n$DOT $KSM $PLM\xe2\x80\xa6'"
2021-01-02,"b'RT @borg_brain: SHOUTOUT to @polkawarriors for the killer infographics, wrapping up the huge year that Polkadot has had!!!\n\n$DOT $KSM $PLM\xe2\x80\xa6'"
2021-01-02,"b'SHOUTOUT to @polkawarriors for the killer infographics, wrapping up the huge year that Polkadot has had!!!\n\n$DOT $KSM $PLM $ACA $XRT $PHA $KILT $PCX $CRU $FIS $XOR $PSWAP $VAL $RWS $KYL https://t.co/ojDiJMA4Qo'"
2021-01-02,"b'We know what we shared! Go to the moon $FIS, $DOT, $AVAX, $HT, $DHT \xf0\x9f\x9a\x80 \xf0\x9f\x9a\x80 \xf0\x9f\x9a\x80 @StaFi_Protocol @Polkadot @avalancheavax @HuobiGlobal @dHedgeOrg https://t.co/z6mjQxENUC'"
2021-01-02,b'RT @hi_blessings: Here\xe2\x80\x99s wishing you all the joy of the season. Have a Happy New Year!\n\n#inspire #perspire 1st of January #explore #StaFi #\xe2\x80\xa6'
2021-01-02,b'@shoryas36 I hope you act what i said yesterday in $KTLYO\n\nNow switch that funds into $FIS $XRT $AKRO $PHA $RING https://t.co/o4J6dR2KO2'
2021-01-02,b'2021 i am ready ;) $PCX $NXS $FIS https://t.co/HVlX7IcBGU'
2021-01-02,b'RT @Coin98Analytics: How Big Is @Polkadot Universal?\n\n$DOT $KSM $EDG $LINk $OCEAN $DIA $FIS $XOR $RING $DOCK $CELR $ONT $ANKR $AKRO $POLY $\xe2\x80\xa6'
2021-01-02,b'RT @hi_blessings: Here\xe2\x80\x99s wishing you all the joy of the season. Have a Happy New Year!\n\n#inspire #perspire 1st of January #explore #StaFi #\xe2\x80\xa6'
2021-01-02,b'RT @hi_blessings: Here\xe2\x80\x99s wishing you all the joy of the season. Have a Happy New Year!\n\n#inspire #perspire 1st of January #explore #StaFi #\xe2\x80\xa6'
2021-01-01,b'RT @CryptoDiffer: \xe2\x9d\x97\xef\xb8\x8f@FireProtocolOS $FIRE partners with @StaFi_Protocol $FIS in Liquidity Staking\n\nBoth sides will work together to further\xe2\x80\xa6'
2021-01-01,b'RT @hi_blessings: Here\xe2\x80\x99s wishing you all the joy of the season. Have a Happy New Year!\n\n#inspire #perspire 1st of January #explore #StaFi #\xe2\x80\xa6'
2021-01-01,"b""RT @chadcol94811130: Gain entry in #Stafi rETH on open beta Testnet bringing it's accessibility to #Stafi communities to participate as a v\xe2\x80\xa6"""
2021-01-01,b'RT @hi_blessings: Here\xe2\x80\x99s wishing you all the joy of the season. Have a Happy New Year!\n\n#inspire #perspire 1st of January #explore #StaFi #\xe2\x80\xa6'
2021-01-01,b'RT @hi_blessings: Here\xe2\x80\x99s wishing you all the joy of the season. Have a Happy New Year!\n\n#inspire #perspire 1st of January #explore #StaFi #\xe2\x80\xa6'
2021-01-01,b'RT @hi_blessings: Here\xe2\x80\x99s wishing you all the joy of the season. Have a Happy New Year!\n\n#inspire #perspire 1st of January #explore #StaFi #\xe2\x80\xa6'
2021-01-01,b'RT @hi_blessings: Here\xe2\x80\x99s wishing you all the joy of the season. Have a Happy New Year!\n\n#inspire #perspire 1st of January #explore #StaFi #\xe2\x80\xa6'
2021-01-01,b'RT @hi_blessings: Here\xe2\x80\x99s wishing you all the joy of the season. Have a Happy New Year!\n\n#inspire #perspire 1st of January #explore #StaFi #\xe2\x80\xa6'
2021-01-01,b'@hi_blessings @Syidien @StaFi_Protocol @cctip_io Are you swing trading the Technology sector? $FIS is currently the most undervalued symbol. Relative value analysis is real edge.  Free report now. https://t.co/BkPhUqHAG9'
2021-01-01,b'RT @hi_blessings: Here\xe2\x80\x99s wishing you all the joy of the season. Have a Happy New Year!\n\n#inspire #perspire 1st of January #explore #StaFi #\xe2\x80\xa6'
2021-01-01,"b""Gain entry in #Stafi rETH on open beta Testnet bringing it's accessibility to #Stafi communities to participate as a validator and runs validator node then be rewarded in $FIS(ERC20 FIS).\nMore details on its participation below!\nhttps://t.co/A3cN0yIA7Q https://t.co/UD9hZUHpwn"""
2021-01-01,b'RT @hi_blessings: Here\xe2\x80\x99s wishing you all the joy of the season. Have a Happy New Year!\n\n#inspire #perspire 1st of January #explore #StaFi #\xe2\x80\xa6'
2021-01-01,b'RT @hi_blessings: Here\xe2\x80\x99s wishing you all the joy of the season. Have a Happy New Year!\n\n#inspire #perspire 1st of January #explore #StaFi #\xe2\x80\xa6'
2021-01-01,"b'@CaffeinatedInv1 I generally agree with your assessment. As with most deal stocks (thinking $FIS $AON) they generally act weird for a period of time where the flows get traded by merger-arb guys, potentially some noise around antitrust, and the close is late 2021 - so institutional investors'"
2021-01-01,"b'$FIS Will Confirm Buyout Offer On The Table On Wednesday, Talks In Houston \nhttps://t.co/Mv3xmUJu9A\n\n$FSI $SPLY $BPOPN $RYPPF $ATGFF $LGGNY $UBPpH $BANCpE $LKMNF $TPGE $OTEL'"
2021-01-01,b'RT @hi_blessings: Here\xe2\x80\x99s wishing you all the joy of the season. Have a Happy New Year!\n\n#inspire #perspire 1st of January #explore #StaFi #\xe2\x80\xa6'
2021-01-01,b'RT @hi_blessings: Here\xe2\x80\x99s wishing you all the joy of the season. Have a Happy New Year!\n\n#inspire #perspire 1st of January #explore #StaFi #\xe2\x80\xa6'
2021-01-01,b'RT @hi_blessings: Here\xe2\x80\x99s wishing you all the joy of the season. Have a Happy New Year!\n\n#inspire #perspire 1st of January #explore #StaFi #\xe2\x80\xa6'
2021-01-01,b'RT @hi_blessings: Here\xe2\x80\x99s wishing you all the joy of the season. Have a Happy New Year!\n\n#inspire #perspire 1st of January #explore #StaFi #\xe2\x80\xa6'
2021-01-01,b'RT @hi_blessings: Here\xe2\x80\x99s wishing you all the joy of the season. Have a Happy New Year!\n\n#inspire #perspire 1st of January #explore #StaFi #\xe2\x80\xa6'
2021-01-01,b'RT @hi_blessings: Here\xe2\x80\x99s wishing you all the joy of the season. Have a Happy New Year!\n\n#inspire #perspire 1st of January #explore #StaFi #\xe2\x80\xa6'
2021-01-01,b'RT @hi_blessings: Here\xe2\x80\x99s wishing you all the joy of the season. Have a Happy New Year!\n\n#inspire #perspire 1st of January #explore #StaFi #\xe2\x80\xa6'
2021-01-01,b'RT @hi_blessings: Here\xe2\x80\x99s wishing you all the joy of the season. Have a Happy New Year!\n\n#inspire #perspire 1st of January #explore #StaFi #\xe2\x80\xa6'
2021-01-01,b'@StaFi_Protocol and @fire_protocol joined Both sides to work together to further push the development of FIRE and StaFi ecosystems in a mutually beneficial way\nWe hope to see more partnerships from StaFi\n\n#ETH2.0 #rETH $FIS #Staking https://t.co/WTfjZejqbX'
2021-01-01,b'RT @hi_blessings: Here\xe2\x80\x99s wishing you all the joy of the season. Have a Happy New Year!\n\n#inspire #perspire 1st of January #explore #StaFi #\xe2\x80\xa6'
2021-01-01,b'@hi_blessings @Nisabohayy1 @StaFi_Protocol @cctip_io Are you swing trading the Technology sector? $FIS is currently the most undervalued symbol. Relative value analysis is real edge.  Free report now. https://t.co/BkPhUqHAG9'
2021-01-01,b'RT @hi_blessings: Here\xe2\x80\x99s wishing you all the joy of the season. Have a Happy New Year!\n\n#inspire #perspire 1st of January #explore #StaFi #\xe2\x80\xa6'
2021-01-01,b'RT @Coin98Analytics: How Big Is @Polkadot Universal?\n\n$DOT $KSM $EDG $LINk $OCEAN $DIA $FIS $XOR $RING $DOCK $CELR $ONT $ANKR $AKRO $POLY $\xe2\x80\xa6'
2021-01-01,b'RT @hi_blessings: Here\xe2\x80\x99s wishing you all the joy of the season. Have a Happy New Year!\n\n#inspire #perspire 1st of January #explore #StaFi #\xe2\x80\xa6'
2021-01-01,b'RT @hi_blessings: Here\xe2\x80\x99s wishing you all the joy of the season. Have a Happy New Year!\n\n#inspire #perspire 1st of January #explore #StaFi #\xe2\x80\xa6'
2021-01-01,b'RT @hi_blessings: Here\xe2\x80\x99s wishing you all the joy of the season. Have a Happy New Year!\n\n#inspire #perspire 1st of January #explore #StaFi #\xe2\x80\xa6'
2021-01-01,b'RT @hi_blessings: Here\xe2\x80\x99s wishing you all the joy of the season. Have a Happy New Year!\n\n#inspire #perspire 1st of January #explore #StaFi #\xe2\x80\xa6'
2021-01-01,b'RT @hi_blessings: Here\xe2\x80\x99s wishing you all the joy of the season. Have a Happy New Year!\n\n#inspire #perspire 1st of January #explore #StaFi #\xe2\x80\xa6'
2021-01-01,b'RT @DrCrypto47: Jan 1st  2021 LOW MC &amp; UNRELEASED GEM LIST\n\n$TVK \xf0\x9f\x92\x8e\n$PPAY \xf0\x9f\x92\x8e\n$XED \xf0\x9f\x92\x8e\n$RFUEL \xf0\x9f\x92\x8e\n$OM \xf0\x9f\x92\x8e\n$EQ \xf0\x9f\x92\x8e\n$TIDAL \xf0\x9f\x92\x8e\n$PHA \xf0\x9f\x92\x8e\n$REEF \xf0\x9f\x92\x8e\n$KYL \xf0\x9f\x92\x8e \n$UNN\xe2\x80\xa6'
2021-01-01,b'RT @DrCrypto47: Jan 1st  2021 LOW MC &amp; UNRELEASED GEM LIST\n\n$TVK \xf0\x9f\x92\x8e\n$PPAY \xf0\x9f\x92\x8e\n$XED \xf0\x9f\x92\x8e\n$RFUEL \xf0\x9f\x92\x8e\n$OM \xf0\x9f\x92\x8e\n$EQ \xf0\x9f\x92\x8e\n$TIDAL \xf0\x9f\x92\x8e\n$PHA \xf0\x9f\x92\x8e\n$REEF \xf0\x9f\x92\x8e\n$KYL \xf0\x9f\x92\x8e \n$UNN\xe2\x80\xa6'
2021-01-01,b'RT @hi_blessings: Here\xe2\x80\x99s wishing you all the joy of the season. Have a Happy New Year!\n\n#inspire #perspire 1st of January #explore #StaFi #\xe2\x80\xa6'
2021-01-01,b'RT @hi_blessings: Here\xe2\x80\x99s wishing you all the joy of the season. Have a Happy New Year!\n\n#inspire #perspire 1st of January #explore #StaFi #\xe2\x80\xa6'
2021-01-01,b'RT @hi_blessings: Here\xe2\x80\x99s wishing you all the joy of the season. Have a Happy New Year!\n\n#inspire #perspire 1st of January #explore #StaFi #\xe2\x80\xa6'
2021-01-01,b'RT @hi_blessings: Here\xe2\x80\x99s wishing you all the joy of the season. Have a Happy New Year!\n\n#inspire #perspire 1st of January #explore #StaFi #\xe2\x80\xa6'
2021-01-01,b'RT @hi_blessings: Here\xe2\x80\x99s wishing you all the joy of the season. Have a Happy New Year!\n\n#inspire #perspire 1st of January #explore #StaFi #\xe2\x80\xa6'
2021-01-01,b'@hi_blessings @prathmrishi @StaFi_Protocol @cctip_io Are you swing trading the Technology sector? $FIS is currently the most undervalued symbol. Relative value analysis is real edge.  Free report now. https://t.co/BkPhUqHAG9'
2021-01-01,b'RT @hi_blessings: Here\xe2\x80\x99s wishing you all the joy of the season. Have a Happy New Year!\n\n#inspire #perspire 1st of January #explore #StaFi #\xe2\x80\xa6'
2021-01-01,b'Staking coins Part 3\n\nDarwinia $KTON\nCosmos $ATOM\nAlgorand $Algo\nWaves $Waves\nFusion $FSN\nNEO $NEO\nOx $ZRX\nAION $AION\nLTO Network $LTO\nEnergi $NRG\nAave $Aave\nStafi $FIS'
2021-01-01,b'RT @hi_blessings: Here\xe2\x80\x99s wishing you all the joy of the season. Have a Happy New Year!\n\n#inspire #perspire 1st of January #explore #StaFi #\xe2\x80\xa6'
2021-01-01,b'RT @hi_blessings: Here\xe2\x80\x99s wishing you all the joy of the season. Have a Happy New Year!\n\n#inspire #perspire 1st of January #explore #StaFi #\xe2\x80\xa6'
2021-01-01,b'RT @hi_blessings: Here\xe2\x80\x99s wishing you all the joy of the season. Have a Happy New Year!\n\n#inspire #perspire 1st of January #explore #StaFi #\xe2\x80\xa6'
2021-01-01,b'RT @hi_blessings: Here\xe2\x80\x99s wishing you all the joy of the season. Have a Happy New Year!\n\n#inspire #perspire 1st of January #explore #StaFi #\xe2\x80\xa6'
2021-01-01,b'RT @hi_blessings: Here\xe2\x80\x99s wishing you all the joy of the season. Have a Happy New Year!\n\n#inspire #perspire 1st of January #explore #StaFi #\xe2\x80\xa6'
2021-01-01,b'RT @hi_blessings: Here\xe2\x80\x99s wishing you all the joy of the season. Have a Happy New Year!\n\n#inspire #perspire 1st of January #explore #StaFi #\xe2\x80\xa6'
2021-01-01,b'RT @hi_blessings: Here\xe2\x80\x99s wishing you all the joy of the season. Have a Happy New Year!\n\n#inspire #perspire 1st of January #explore #StaFi #\xe2\x80\xa6'
2021-01-01,b'RT @hi_blessings: Here\xe2\x80\x99s wishing you all the joy of the season. Have a Happy New Year!\n\n#inspire #perspire 1st of January #explore #StaFi #\xe2\x80\xa6'
2021-01-01,b'RT @hi_blessings: Here\xe2\x80\x99s wishing you all the joy of the season. Have a Happy New Year!\n\n#inspire #perspire 1st of January #explore #StaFi #\xe2\x80\xa6'
2021-01-01,b'RT @hi_blessings: Here\xe2\x80\x99s wishing you all the joy of the season. Have a Happy New Year!\n\n#inspire #perspire 1st of January #explore #StaFi #\xe2\x80\xa6'
2021-01-01,b'RT @hi_blessings: Here\xe2\x80\x99s wishing you all the joy of the season. Have a Happy New Year!\n\n#inspire #perspire 1st of January #explore #StaFi #\xe2\x80\xa6'
2021-01-01,b'RT @hi_blessings: Here\xe2\x80\x99s wishing you all the joy of the season. Have a Happy New Year!\n\n#inspire #perspire 1st of January #explore #StaFi #\xe2\x80\xa6'
2021-01-01,b'RT @hi_blessings: Here\xe2\x80\x99s wishing you all the joy of the season. Have a Happy New Year!\n\n#inspire #perspire 1st of January #explore #StaFi #\xe2\x80\xa6'
2021-01-01,b'RT @hi_blessings: Here\xe2\x80\x99s wishing you all the joy of the season. Have a Happy New Year!\n\n#inspire #perspire 1st of January #explore #StaFi #\xe2\x80\xa6'
2021-01-01,b'RT @hi_blessings: Here\xe2\x80\x99s wishing you all the joy of the season. Have a Happy New Year!\n\n#inspire #perspire 1st of January #explore #StaFi #\xe2\x80\xa6'
2021-01-01,b'RT @hi_blessings: Here\xe2\x80\x99s wishing you all the joy of the season. Have a Happy New Year!\n\n#inspire #perspire 1st of January #explore #StaFi #\xe2\x80\xa6'
2021-01-01,b'RT @hi_blessings: Here\xe2\x80\x99s wishing you all the joy of the season. Have a Happy New Year!\n\n#inspire #perspire 1st of January #explore #StaFi #\xe2\x80\xa6'
2021-01-01,b'RT @hi_blessings: Here\xe2\x80\x99s wishing you all the joy of the season. Have a Happy New Year!\n\n#inspire #perspire 1st of January #explore #StaFi #\xe2\x80\xa6'
2021-01-01,b'RT @hi_blessings: Here\xe2\x80\x99s wishing you all the joy of the season. Have a Happy New Year!\n\n#inspire #perspire 1st of January #explore #StaFi #\xe2\x80\xa6'
2021-01-01,b'RT @hi_blessings: Here\xe2\x80\x99s wishing you all the joy of the season. Have a Happy New Year!\n\n#inspire #perspire 1st of January #explore #StaFi #\xe2\x80\xa6'
2021-01-01,b'\xf0\x9f\x94\xa5\xf0\x9f\x94\xa5\xf0\x9f\x8e\x89 @StaFi_Protocol \n\nwish this year brings great success for #stafi \n@Kamiesheep\n\n#StaFi #rToken $FIS #DeFi  #Crypto  #ETHEREUM #rETH #eth2 https://t.co/1fTd3v4mBN'
2021-01-01,b'RT @hi_blessings: Here\xe2\x80\x99s wishing you all the joy of the season. Have a Happy New Year!\n\n#inspire #perspire 1st of January #explore #StaFi #\xe2\x80\xa6'
2021-01-01,b'@hi_blessings @kuban_kahn @StaFi_Protocol @cctip_io Are you swing trading the Technology sector? $FIS is currently the most undervalued symbol. Relative value analysis is real edge.  Free report now. https://t.co/BkPhUqHAG9'
2021-01-01,b'RT @hi_blessings: Here\xe2\x80\x99s wishing you all the joy of the season. Have a Happy New Year!\n\n#inspire #perspire 1st of January #explore #StaFi #\xe2\x80\xa6'
2021-01-01,b'RT @hi_blessings: Here\xe2\x80\x99s wishing you all the joy of the season. Have a Happy New Year!\n\n#inspire #perspire 1st of January #explore #StaFi #\xe2\x80\xa6'
2021-01-01,b'RT @hi_blessings: Here\xe2\x80\x99s wishing you all the joy of the season. Have a Happy New Year!\n\n#inspire #perspire 1st of January #explore #StaFi #\xe2\x80\xa6'
2021-01-01,b'RT @hi_blessings: Here\xe2\x80\x99s wishing you all the joy of the season. Have a Happy New Year!\n\n#inspire #perspire 1st of January #explore #StaFi #\xe2\x80\xa6'
2021-01-01,b'RT @hi_blessings: Here\xe2\x80\x99s wishing you all the joy of the season. Have a Happy New Year!\n\n#inspire #perspire 1st of January #explore #StaFi #\xe2\x80\xa6'
2021-01-01,b'RT @hi_blessings: Here\xe2\x80\x99s wishing you all the joy of the season. Have a Happy New Year!\n\n#inspire #perspire 1st of January #explore #StaFi #\xe2\x80\xa6'
2021-01-01,b'RT @hi_blessings: Here\xe2\x80\x99s wishing you all the joy of the season. Have a Happy New Year!\n\n#inspire #perspire 1st of January #explore #StaFi #\xe2\x80\xa6'
2021-01-01,b'@hi_blessings @Kujangubuy @StaFi_Protocol @cctip_io Are you swing trading the Technology sector? $FIS is currently the most undervalued symbol. Relative value analysis is real edge.  Free report now. https://t.co/BkPhUqHAG9'
2021-01-01,b'RT @hi_blessings: Here\xe2\x80\x99s wishing you all the joy of the season. Have a Happy New Year!\n\n#inspire #perspire 1st of January #explore #StaFi #\xe2\x80\xa6'
2021-01-01,b'RT @hi_blessings: Here\xe2\x80\x99s wishing you all the joy of the season. Have a Happy New Year!\n\n#inspire #perspire 1st of January #explore #StaFi #\xe2\x80\xa6'
2021-01-01,b'RT @hi_blessings: Here\xe2\x80\x99s wishing you all the joy of the season. Have a Happy New Year!\n\n#inspire #perspire 1st of January #explore #StaFi #\xe2\x80\xa6'
2021-01-01,b'RT @hi_blessings: Here\xe2\x80\x99s wishing you all the joy of the season. Have a Happy New Year!\n\n#inspire #perspire 1st of January #explore #StaFi #\xe2\x80\xa6'
2021-01-01,b'RT @hi_blessings: Here\xe2\x80\x99s wishing you all the joy of the season. Have a Happy New Year!\n\n#inspire #perspire 1st of January #explore #StaFi #\xe2\x80\xa6'
2021-01-01,b'RT @hi_blessings: Here\xe2\x80\x99s wishing you all the joy of the season. Have a Happy New Year!\n\n#inspire #perspire 1st of January #explore #StaFi #\xe2\x80\xa6'
2021-01-01,b'RT @hi_blessings: Here\xe2\x80\x99s wishing you all the joy of the season. Have a Happy New Year!\n\n#inspire #perspire 1st of January #explore #StaFi #\xe2\x80\xa6'
2021-01-01,"b""@JoojoNhyira Hello, please find the unroll here: $FIS is now listed on @UniswapProtocol, FIS is available to trade and have added liquidity on Uniswap\xe2\x80\xa6 https://t.co/wbykjV8kvt Share this if you think it's interesting. \xf0\x9f\xa4\x96"""
2021-01-01,b'RT @hi_blessings: Here\xe2\x80\x99s wishing you all the joy of the season. Have a Happy New Year!\n\n#inspire #perspire 1st of January #explore #StaFi #\xe2\x80\xa6'
2021-01-01,b'RT @hi_blessings: Here\xe2\x80\x99s wishing you all the joy of the season. Have a Happy New Year!\n\n#inspire #perspire 1st of January #explore #StaFi #\xe2\x80\xa6'
2021-01-01,b'RT @hi_blessings: Here\xe2\x80\x99s wishing you all the joy of the season. Have a Happy New Year!\n\n#inspire #perspire 1st of January #explore #StaFi #\xe2\x80\xa6'
2021-01-01,b'RT @hi_blessings: Here\xe2\x80\x99s wishing you all the joy of the season. Have a Happy New Year!\n\n#inspire #perspire 1st of January #explore #StaFi #\xe2\x80\xa6'
2021-01-01,b'@hi_blessings @Ibnufaqih77 @StaFi_Protocol @cctip_io Are you swing trading the Technology sector? $FIS is currently the most undervalued symbol. Relative value analysis is real edge.  Free report now. https://t.co/BkPhUqHAG9'
2021-01-01,b'RT @hi_blessings: Here\xe2\x80\x99s wishing you all the joy of the season. Have a Happy New Year!\n\n#inspire #perspire 1st of January #explore #StaFi #\xe2\x80\xa6'
2021-01-01,b'RT @hi_blessings: Here\xe2\x80\x99s wishing you all the joy of the season. Have a Happy New Year!\n\n#inspire #perspire 1st of January #explore #StaFi #\xe2\x80\xa6'
2021-01-01,b'RT @hi_blessings: Here\xe2\x80\x99s wishing you all the joy of the season. Have a Happy New Year!\n\n#inspire #perspire 1st of January #explore #StaFi #\xe2\x80\xa6'
2021-01-01,b'RT @hi_blessings: Here\xe2\x80\x99s wishing you all the joy of the season. Have a Happy New Year!\n\n#inspire #perspire 1st of January #explore #StaFi #\xe2\x80\xa6'
2021-01-01,b'RT @hi_blessings: Here\xe2\x80\x99s wishing you all the joy of the season. Have a Happy New Year!\n\n#inspire #perspire 1st of January #explore #StaFi #\xe2\x80\xa6'
2021-01-01,b'RT @hi_blessings: Here\xe2\x80\x99s wishing you all the joy of the season. Have a Happy New Year!\n\n#inspire #perspire 1st of January #explore #StaFi #\xe2\x80\xa6'
2021-01-01,b'RT @hi_blessings: Here\xe2\x80\x99s wishing you all the joy of the season. Have a Happy New Year!\n\n#inspire #perspire 1st of January #explore #StaFi #\xe2\x80\xa6'
2021-01-01,b'RT @hi_blessings: Here\xe2\x80\x99s wishing you all the joy of the season. Have a Happy New Year!\n\n#inspire #perspire 1st of January #explore #StaFi #\xe2\x80\xa6'
2021-01-01,b'RT @hi_blessings: Here\xe2\x80\x99s wishing you all the joy of the season. Have a Happy New Year!\n\n#inspire #perspire 1st of January #explore #StaFi #\xe2\x80\xa6'
2021-01-01,b'RT @hi_blessings: Here\xe2\x80\x99s wishing you all the joy of the season. Have a Happy New Year!\n\n#inspire #perspire 1st of January #explore #StaFi #\xe2\x80\xa6'
2021-01-01,b'RT @hi_blessings: Here\xe2\x80\x99s wishing you all the joy of the season. Have a Happy New Year!\n\n#inspire #perspire 1st of January #explore #StaFi #\xe2\x80\xa6'
2021-01-01,b'RT @hi_blessings: Here\xe2\x80\x99s wishing you all the joy of the season. Have a Happy New Year!\n\n#inspire #perspire 1st of January #explore #StaFi #\xe2\x80\xa6'
2021-01-01,b'RT @hi_blessings: Here\xe2\x80\x99s wishing you all the joy of the season. Have a Happy New Year!\n\n#inspire #perspire 1st of January #explore #StaFi #\xe2\x80\xa6'
2021-01-01,b'RT @hi_blessings: Here\xe2\x80\x99s wishing you all the joy of the season. Have a Happy New Year!\n\n#inspire #perspire 1st of January #explore #StaFi #\xe2\x80\xa6'
2021-01-01,b'RT @hi_blessings: Here\xe2\x80\x99s wishing you all the joy of the season. Have a Happy New Year!\n\n#inspire #perspire 1st of January #explore #StaFi #\xe2\x80\xa6'
2021-01-01,b'RT @hi_blessings: Here\xe2\x80\x99s wishing you all the joy of the season. Have a Happy New Year!\n\n#inspire #perspire 1st of January #explore #StaFi #\xe2\x80\xa6'
2021-01-01,b'@hi_blessings @MyselfOpen @StaFi_Protocol @cctip_io Are you swing trading the Technology sector? $FIS is currently the most undervalued symbol. Relative value analysis is real edge.  Free report now. https://t.co/BkPhUqHAG9'
2021-01-01,b'RT @hi_blessings: Here\xe2\x80\x99s wishing you all the joy of the season. Have a Happy New Year!\n\n#inspire #perspire 1st of January #explore #StaFi #\xe2\x80\xa6'
2021-01-01,b'RT @hi_blessings: Here\xe2\x80\x99s wishing you all the joy of the season. Have a Happy New Year!\n\n#inspire #perspire 1st of January #explore #StaFi #\xe2\x80\xa6'
2021-01-01,"b'@Fire_protocol announce partnership with stafi, @StaFi_Protocol will provide liquidity staking for various #DeFi protocols, which would help Fire Protocol Staking users better liquify their staked assets\n#ETH2.0 #rETH $FIS #Staking https://t.co/xv8YJXhFCE'"
2021-01-01,b'RT @hi_blessings: Here\xe2\x80\x99s wishing you all the joy of the season. Have a Happy New Year!\n\n#inspire #perspire 1st of January #explore #StaFi #\xe2\x80\xa6'
2021-01-01,b'RT @hi_blessings: Here\xe2\x80\x99s wishing you all the joy of the season. Have a Happy New Year!\n\n#inspire #perspire 1st of January #explore #StaFi #\xe2\x80\xa6'
2021-01-01,b'RT @hi_blessings: Here\xe2\x80\x99s wishing you all the joy of the season. Have a Happy New Year!\n\n#inspire #perspire 1st of January #explore #StaFi #\xe2\x80\xa6'
2021-01-01,b'RT @DrCrypto47: Jan 1st  2021 LOW MC &amp; UNRELEASED GEM LIST\n\n$TVK \xf0\x9f\x92\x8e\n$PPAY \xf0\x9f\x92\x8e\n$XED \xf0\x9f\x92\x8e\n$RFUEL \xf0\x9f\x92\x8e\n$OM \xf0\x9f\x92\x8e\n$EQ \xf0\x9f\x92\x8e\n$TIDAL \xf0\x9f\x92\x8e\n$PHA \xf0\x9f\x92\x8e\n$REEF \xf0\x9f\x92\x8e\n$KYL \xf0\x9f\x92\x8e \n$UNN\xe2\x80\xa6'
2021-01-01,b'RT @hi_blessings: Here\xe2\x80\x99s wishing you all the joy of the season. Have a Happy New Year!\n\n#inspire #perspire 1st of January #explore #StaFi #\xe2\x80\xa6'
2021-01-01,b'RT @hi_blessings: Here\xe2\x80\x99s wishing you all the joy of the season. Have a Happy New Year!\n\n#inspire #perspire 1st of January #explore #StaFi #\xe2\x80\xa6'
2021-01-01,b'RT @hi_blessings: Here\xe2\x80\x99s wishing you all the joy of the season. Have a Happy New Year!\n\n#inspire #perspire 1st of January #explore #StaFi #\xe2\x80\xa6'
2021-01-01,b'RT @hi_blessings: Here\xe2\x80\x99s wishing you all the joy of the season. Have a Happy New Year!\n\n#inspire #perspire 1st of January #explore #StaFi #\xe2\x80\xa6'
2021-01-01,b'RT @hi_blessings: Here\xe2\x80\x99s wishing you all the joy of the season. Have a Happy New Year!\n\n#inspire #perspire 1st of January #explore #StaFi #\xe2\x80\xa6'
2021-01-01,b'RT @hi_blessings: Here\xe2\x80\x99s wishing you all the joy of the season. Have a Happy New Year!\n\n#inspire #perspire 1st of January #explore #StaFi #\xe2\x80\xa6'
2021-01-01,b'RT @hi_blessings: Here\xe2\x80\x99s wishing you all the joy of the season. Have a Happy New Year!\n\n#inspire #perspire 1st of January #explore #StaFi #\xe2\x80\xa6'
2021-01-01,b'RT @hi_blessings: Here\xe2\x80\x99s wishing you all the joy of the season. Have a Happy New Year!\n\n#inspire #perspire 1st of January #explore #StaFi #\xe2\x80\xa6'
2021-01-01,b'Here\xe2\x80\x99s wishing you all the joy of the season. Have a Happy New Year!\n\n#inspire #perspire 1st of January #explore #StaFi #crypto #FIS #ETH2.0 #rETH $FIS \xf0\x9f\x94\xa5\xf0\x9f\x94\xa5\n\n@StaFi_Protocol #community\xf0\x9f\x98\x81\xe2\x9c\x8c\xf0\x9f\x8f\xbb\n@cctip_io airdrop 0.0005 ETH 100 https://t.co/dFtzNja5lP'
2021-01-01,"b'$2,945.88 of shares sold by Thompson Christopher A (Chief Accounting Officer), reported in a new form 4 filed with the SEC  $FIS https://t.co/9aJl6ygQx4'"
2021-01-08,b'$SNX $AAVE $YFI $RUNE $SUSHI $ESD $CRV $eth $btc $doge $swap $bolt #defi #uniswap $fis $sta $prq $spdr $swfl #WETH #UMEX #USDC #USDT #DAI #WBTC #UNI #DPI #LINK #HEX #Defi #Uniswap #Ethereum Margin trading for the Uniswap pairs is now becomes true. https://t.co/h9upimKjKv'
2021-01-08,b'RT @KRMA_0: Stafi $FIS Roadmap update for 2021\n\nrETH rFIS launch in next weeks\nrDOT rKSM under development\n\nNear future: rSOL rNEAR rAVA rX\xe2\x80\xa6'
2021-01-08,b'RT @KRMA_0: Stafi $FIS Roadmap update for 2021\n\nrETH rFIS launch in next weeks\nrDOT rKSM under development\n\nNear future: rSOL rNEAR rAVA rX\xe2\x80\xa6'
2021-01-08,b'Stafi $FIS Roadmap update for 2021\n\nrETH rFIS launch in next weeks\nrDOT rKSM under development\n\nNear future: rSOL rNEAR rAVA rXTZ rATOM\nBinance Chain and Solana Bridge @SBF_Alameda\n\nQ1 looks decent for Stafi https://t.co/F1sqguzV2O https://t.co/CNORWhlgLg'
2021-01-08,b'@KRMA_0 @SBF_Alameda Are you swing trading the Technology sector? $FIS is currently the most undervalued symbol. Relative value analysis is real edge.  Free report now. https://t.co/BkPhUqHAG9'
2021-01-08,b'Largest $Notional Sell On Close Order Imbalances $TMO $FIS $PH $PLAN $JCI $MA $CVS $ES $MO $BA https://t.co/V7Aciy2vFa'
2021-01-08,"b""Friday's Top Flow in #technology sector, Buy Flow &amp; Sell Flow $AAPL $VZ $GOOGL $TXN $ADBE $CRM $AKAM $FISV $INTU $XLNX $MU $NVDA $GOOG $PAYX $FIS $WDC $LRCX $FSLR $ORCL $EA #stock #stocks #StockMarket #Investment #investing https://t.co/5JE2nlrW3B https://t.co/zqI9BB7pjc"""
2021-01-08,b'@AlertTrade Are you swing trading the Technology sector? $FIS is currently the most undervalued symbol. Relative value analysis is real edge.  Free report now. https://t.co/BkPhUqHAG9'
2021-01-08,"b'RT @Cassyokwy: StaFi works in a similar manner to various automated yield chasing protocols on #ETH, except that it is limited to staking.\xe2\x80\xa6'"
2021-01-08,"b'RT @Cassyokwy: Congrats to #Stafi the $FIS is now officially listed on @UniswapProtocol, this is awesome @StaFi_Protocol FIS is a medium fo\xe2\x80\xa6'"
2021-01-08,"b'RT @Cassyokwy: November has so much to give #Stafi has made great progress in all aspects. In terms of technology, @StaFi_Protocol rolled o\xe2\x80\xa6'"
2021-01-08,"b'RT @Cassyokwy: #StaFi has recently launched #rbridge, a Cross-chain bridge on ETH through which users can exchange $FIS for ERC20 FIS at a\xe2\x80\xa6'"
2021-01-08,"b'RT @Cassyokwy: #rETH testing Campaign is Now live, @StaFi_Protocol Initiated two generous Bounty program. Bounty A, is for #functional Test\xe2\x80\xa6'"
2021-01-08,"b'RT @Cassyokwy: StakingDerivative for ETH2.0 is live on Testnet, Join rETH bug bounty and win $FIS reward. #StaFi is happy to welcome any St\xe2\x80\xa6'"
2021-01-08,"b'RT @Cassyokwy: So much excited to hear that #FireProtocol feels thrilled to partner with @StaFi_Protocol in terms of assets integration, li\xe2\x80\xa6'"
2021-01-08,b'RT @Cassyokwy: ETH2.0 client developers and staking services need to learn how to avoid the conditions to being slashed. @StaFi_Protocol ha\xe2\x80\xa6'
2021-01-08,b'RT @Cassyokwy: #StaFi Joins @UniLend_Finance Ecosystem to Bring #rtoken to Unilend. Integrating #rtokens on UniLend opens the door to a New\xe2\x80\xa6'
2021-01-08,b'RT @Cassyokwy: #StaFi Joins @UniLend_Finance Ecosystem to Bring #rtoken to Unilend. Integrating #rtokens on UniLend opens the door to a New\xe2\x80\xa6'
2021-01-08,b'RT @Cassyokwy: ETH2.0 client developers and staking services need to learn how to avoid the conditions to being slashed. @StaFi_Protocol ha\xe2\x80\xa6'
2021-01-08,"b'RT @Cassyokwy: So much excited to hear that #FireProtocol feels thrilled to partner with @StaFi_Protocol in terms of assets integration, li\xe2\x80\xa6'"
2021-01-08,"b'RT @Cassyokwy: StakingDerivative for ETH2.0 is live on Testnet, Join rETH bug bounty and win $FIS reward. #StaFi is happy to welcome any St\xe2\x80\xa6'"
2021-01-08,"b'RT @Cassyokwy: #rETH testing Campaign is Now live, @StaFi_Protocol Initiated two generous Bounty program. Bounty A, is for #functional Test\xe2\x80\xa6'"
2021-01-08,"b'RT @Cassyokwy: #StaFi has recently launched #rbridge, a Cross-chain bridge on ETH through which users can exchange $FIS for ERC20 FIS at a\xe2\x80\xa6'"
2021-01-08,"b'RT @Cassyokwy: November has so much to give #Stafi has made great progress in all aspects. In terms of technology, @StaFi_Protocol rolled o\xe2\x80\xa6'"
2021-01-08,"b'RT @Cassyokwy: Congrats to #Stafi the $FIS is now officially listed on @UniswapProtocol, this is awesome @StaFi_Protocol FIS is a medium fo\xe2\x80\xa6'"
2021-01-08,"b'RT @Cassyokwy: StaFi works in a similar manner to various automated yield chasing protocols on #ETH, except that it is limited to staking.\xe2\x80\xa6'"
2021-01-08,"b'RT @Cassyokwy: #rETH testing Campaign is Now live, @StaFi_Protocol Initiated two generous Bounty program. Bounty A, is for #functional Test\xe2\x80\xa6'"
2021-01-08,"b'RT @Cassyokwy: So much excited to hear that #FireProtocol feels thrilled to partner with @StaFi_Protocol in terms of assets integration, li\xe2\x80\xa6'"
2021-01-08,b'RT @Cassyokwy: ETH2.0 client developers and staking services need to learn how to avoid the conditions to being slashed. @StaFi_Protocol ha\xe2\x80\xa6'
2021-01-08,b'RT @Cassyokwy: #StaFi Joins @UniLend_Finance Ecosystem to Bring #rtoken to Unilend. Integrating #rtokens on UniLend opens the door to a New\xe2\x80\xa6'
2021-01-08,"b'RT @Cassyokwy: #StaFi has recently launched #rbridge, a Cross-chain bridge on ETH through which users can exchange $FIS for ERC20 FIS at a\xe2\x80\xa6'"
2021-01-08,"b'RT @Cassyokwy: November has so much to give #Stafi has made great progress in all aspects. In terms of technology, @StaFi_Protocol rolled o\xe2\x80\xa6'"
2021-01-08,"b'RT @Cassyokwy: Congrats to #Stafi the $FIS is now officially listed on @UniswapProtocol, this is awesome @StaFi_Protocol FIS is a medium fo\xe2\x80\xa6'"
2021-01-08,"b'RT @Cassyokwy: StaFi works in a similar manner to various automated yield chasing protocols on #ETH, except that it is limited to staking.\xe2\x80\xa6'"
2021-01-08,b'RT @Cassyokwy: #StaFi Joins @UniLend_Finance Ecosystem to Bring #rtoken to Unilend. Integrating #rtokens on UniLend opens the door to a New\xe2\x80\xa6'
2021-01-08,b'RT @Cassyokwy: ETH2.0 client developers and staking services need to learn how to avoid the conditions to being slashed. @StaFi_Protocol ha\xe2\x80\xa6'
2021-01-08,"b'RT @Cassyokwy: So much excited to hear that #FireProtocol feels thrilled to partner with @StaFi_Protocol in terms of assets integration, li\xe2\x80\xa6'"
2021-01-08,"b'RT @Cassyokwy: StakingDerivative for ETH2.0 is live on Testnet, Join rETH bug bounty and win $FIS reward. #StaFi is happy to welcome any St\xe2\x80\xa6'"
2021-01-08,"b'RT @Cassyokwy: #rETH testing Campaign is Now live, @StaFi_Protocol Initiated two generous Bounty program. Bounty A, is for #functional Test\xe2\x80\xa6'"
2021-01-08,"b'RT @Cassyokwy: #StaFi has recently launched #rbridge, a Cross-chain bridge on ETH through which users can exchange $FIS for ERC20 FIS at a\xe2\x80\xa6'"
2021-01-08,"b'RT @Cassyokwy: November has so much to give #Stafi has made great progress in all aspects. In terms of technology, @StaFi_Protocol rolled o\xe2\x80\xa6'"
2021-01-08,"b'RT @Cassyokwy: Congrats to #Stafi the $FIS is now officially listed on @UniswapProtocol, this is awesome @StaFi_Protocol FIS is a medium fo\xe2\x80\xa6'"
2021-01-08,"b'RT @Cassyokwy: StaFi works in a similar manner to various automated yield chasing protocols on #ETH, except that it is limited to staking.\xe2\x80\xa6'"
2021-01-08,b'@Cassyokwy @JamesBr27253309 @UniLend_Finance Are you swing trading the Technology sector? $FIS is currently the most undervalued symbol. Relative value analysis is real edge.  Free report now. https://t.co/BkPhUqHAG9'
2021-01-08,b'RT @Cassyokwy: #StaFi Joins @UniLend_Finance Ecosystem to Bring #rtoken to Unilend. Integrating #rtokens on UniLend opens the door to a New\xe2\x80\xa6'
2021-01-08,b'RT @Cassyokwy: ETH2.0 client developers and staking services need to learn how to avoid the conditions to being slashed. @StaFi_Protocol ha\xe2\x80\xa6'
2021-01-08,"b'RT @Cassyokwy: So much excited to hear that #FireProtocol feels thrilled to partner with @StaFi_Protocol in terms of assets integration, li\xe2\x80\xa6'"
2021-01-08,"b'RT @Cassyokwy: StakingDerivative for ETH2.0 is live on Testnet, Join rETH bug bounty and win $FIS reward. #StaFi is happy to welcome any St\xe2\x80\xa6'"
2021-01-08,"b'RT @Cassyokwy: #rETH testing Campaign is Now live, @StaFi_Protocol Initiated two generous Bounty program. Bounty A, is for #functional Test\xe2\x80\xa6'"
2021-01-08,"b'RT @Cassyokwy: #StaFi has recently launched #rbridge, a Cross-chain bridge on ETH through which users can exchange $FIS for ERC20 FIS at a\xe2\x80\xa6'"
2021-01-08,"b'RT @Cassyokwy: November has so much to give #Stafi has made great progress in all aspects. In terms of technology, @StaFi_Protocol rolled o\xe2\x80\xa6'"
2021-01-08,"b'RT @Cassyokwy: Congrats to #Stafi the $FIS is now officially listed on @UniswapProtocol, this is awesome @StaFi_Protocol FIS is a medium fo\xe2\x80\xa6'"
2021-01-08,"b'RT @Cassyokwy: StakingDerivative for ETH2.0 is live on Testnet, Join rETH bug bounty and win $FIS reward. #StaFi is happy to welcome any St\xe2\x80\xa6'"
2021-01-08,"b'RT @Cassyokwy: #rETH testing Campaign is Now live, @StaFi_Protocol Initiated two generous Bounty program. Bounty A, is for #functional Test\xe2\x80\xa6'"
2021-01-08,"b'RT @Cassyokwy: #StaFi has recently launched #rbridge, a Cross-chain bridge on ETH through which users can exchange $FIS for ERC20 FIS at a\xe2\x80\xa6'"
2021-01-08,b'RT @Cassyokwy: @StaFi_Protocol With our ability to provide data application solutions and @OasisProtocol  capacity for confidential compute\xe2\x80\xa6'
2021-01-08,"b'RT @Cassyokwy: StaFi works in a similar manner to various automated yield chasing protocols on #ETH, except that it is limited to staking.\xe2\x80\xa6'"
2021-01-08,"b'RT @Cassyokwy: @defiprime @StaFi_Protocol comes first on my mind, #StaFi works in a similar manner to various automated yield chasing proto\xe2\x80\xa6'"
2021-01-08,b'RT @Cassyokwy: @tokenmetricsinc @StaFi_Protocol @Bancor @CurveFinance @maticnetwork @melonprotocol @DIAdata_org @bZxHQ @ankr @kava_labs @We\xe2\x80\xa6'
2021-01-08,b'RT @DopeBoiRapy: This partnership between @FireProtocolOS and #StaFI represents one step forward to mass #rToken integrations. \n#StaFi #Cry\xe2\x80\xa6'
2021-01-08,"b""RT @DopeBoiRapy: Don't miss out on a chance to be a part of a very interactive AMA session hosted by 2 #DeFi Giants, @StaFi_Protocol &amp; @Uni\xe2\x80\xa6"""
2021-01-08,"b""RT @DopeBoiRapy: Since the launch of #rBrigde, which allows @StaFi_Protocol 's native asset $FIS to cross - chain into the #Ethereum networ\xe2\x80\xa6"""
2021-01-08,b'RT @DopeBoiRapy: @StackingUSD My top pick is $FIS. Why ?  Because @StaFi_Protocol is the 1st #DeFi protocol unlocking liquidity of #Staked\xe2\x80\xa6'
2021-01-08,"b""RT @DopeBoiRapy: #DeFi doesn't look like slowing down any time soon and thats because platforms like @StaFi_Protocol bring needed solutions\xe2\x80\xa6"""
2021-01-08,"b""RT @DopeBoiRapy: @Bullrun_Gravano @StaFi_Protocol is revolutionizing #Staking with thier #rToken solutions so that's why i wuld go hook and\xe2\x80\xa6"""
2021-01-08,"b""RT @DopeBoiRapy: Stand a chance of winning some $UFT courtesy of @StaFi_Protocol and @UniLend_Finance ! \nDon't miss the AMA either ! \n\n#Sta\xe2\x80\xa6"""
2021-01-08,"b""RT @DopeBoiRapy: Get ready for several #rToken intergrations coming up in Q1 of #StaFi's Roadmap. \n#rETH $FIS #Crypto #Blockchain #altcoins\xe2\x80\xa6"""
2021-01-08,b'RT @DopeBoiRapy: This partnership between @FireProtocolOS and #StaFI represents one step forward to mass #rToken integrations. \n#StaFi #Cry\xe2\x80\xa6'
2021-01-08,"b""RT @DopeBoiRapy: Don't miss out on a chance to be a part of a very interactive AMA session hosted by 2 #DeFi Giants, @StaFi_Protocol &amp; @Uni\xe2\x80\xa6"""
2021-01-08,"b""RT @DopeBoiRapy: Since the launch of #rBrigde, which allows @StaFi_Protocol 's native asset $FIS to cross - chain into the #Ethereum networ\xe2\x80\xa6"""
2021-01-08,b'$plm working hard. This a game changer for the $dot ecosystem \n$ksm $pols $cru $xor $xrt $pha $glmr $fis https://t.co/oun4WN47CB https://t.co/cn06hZi54k'
2021-01-08,b'RT @DopeBoiRapy: @StackingUSD My top pick is $FIS. Why ?  Because @StaFi_Protocol is the 1st #DeFi protocol unlocking liquidity of #Staked\xe2\x80\xa6'
2021-01-08,"b""RT @DopeBoiRapy: #DeFi doesn't look like slowing down any time soon and thats because platforms like @StaFi_Protocol bring needed solutions\xe2\x80\xa6"""
2021-01-08,"b""RT @DopeBoiRapy: @Bullrun_Gravano @StaFi_Protocol is revolutionizing #Staking with thier #rToken solutions so that's why i wuld go hook and\xe2\x80\xa6"""
2021-01-08,"b""RT @DopeBoiRapy: Stand a chance of winning some $UFT courtesy of @StaFi_Protocol and @UniLend_Finance ! \nDon't miss the AMA either ! \n\n#Sta\xe2\x80\xa6"""
2021-01-08,"b""RT @DopeBoiRapy: Get ready for several #rToken intergrations coming up in Q1 of #StaFi's Roadmap. \n#rETH $FIS #Crypto #Blockchain #altcoins\xe2\x80\xa6"""
2021-01-08,b'RT @DopeBoiRapy: This partnership between @FireProtocolOS and #StaFI represents one step forward to mass #rToken integrations. \n#StaFi #Cry\xe2\x80\xa6'
2021-01-08,"b""RT @DopeBoiRapy: Don't miss out on a chance to be a part of a very interactive AMA session hosted by 2 #DeFi Giants, @StaFi_Protocol &amp; @Uni\xe2\x80\xa6"""
2021-01-08,"b""RT @DopeBoiRapy: Since the launch of #rBrigde, which allows @StaFi_Protocol 's native asset $FIS to cross - chain into the #Ethereum networ\xe2\x80\xa6"""
2021-01-08,"b'Today Top Flow in #technology sector, Buy Flow &amp; Sell Flow $XLNX $INTU $FISV $CSCO $FIS $ADBE $ACN $MCHP $CTXS $MSI $MU $AAPL $NVDA $GOOG $TXN $INTC $CRM $LRCX $V $FB #stock #stocks #StockMarket #Investment #investing https://t.co/Gr3YvQQ4OY https://t.co/WZT2uiewjT'"
2021-01-08,"b'Today Top Flow in #technology sector, Buy Flow &amp; Sell Flow $GOOG $XLNX $INTU $ADBE $FISV $CSCO $FIS $MSI $MCHP $ACN $MU $NVDA $AAPL $TXN $LRCX $INTC $CRM $V $FSLR $T #stock #stocks #StockMarket #Investment #investing https://t.co/5JE2nlrW3B https://t.co/ijxiWnjGnv'"
2021-01-08,"b""$FIS's price moved below its 50-day Moving Average on December 21, 2020. View odds for this and other indicators: https://t.co/j5JQSvJWrY #FidelityNationalInformationServices #stockmarket #stock #technicalanalysis #money #trading #investing #daytrading #news #today https://t.co/I1EqMckD2s"""
2021-01-08,b'Wellesley Hills Financial Feed\n                                     \n$MA         +0.037%\n$V            +0.15%\n$PYPL      +1.18%\n$SQ          +0.22%\n$FIS          +0.66%\n$GPN        -0.42%\n\n#payments #fintech'
2021-01-08,b'Short sale volume(not short interest) for $V on 2021-01-07 is 47%. https://t.co/53ikgagw5Q $MA 34% $FIS 23%'
2021-01-08,b'I absolutely love this #Crypto life!\n\n#Bitcoin  #DeFi $BTC $DOT $KSM $ETH $LINK $XOR $XRT $OM $RFUEL $TVK $PCX $FIS $UNN $POLS $RING $EQ $BOND $SPDR $GRT $TRB $DOS $CLIQ $REEF $KYL $OCEAN $DOCK $SNX $COTI $GHST $REVV $PPAY'
2021-01-08,b'RT @Cassyokwy: ETH2.0 client developers and staking services need to learn how to avoid the conditions to being slashed. @StaFi_Protocol ha\xe2\x80\xa6'
2021-01-08,b'@Oluwabamishey Maybe $dot ecosystem with auctions coming \n\n$xrt $pha $fis $cru $ring $rfuel $edg  $pcs\n\n$coti with roadmap (adapay )\n\nNft coins \n$soul $mona \n\n$cream maybe with their partnership in $yfi ecosystem \n\nApe away \n\n\xf0\x9f\x98\x89\xf0\x9f\x98\x89'
2021-01-08,"b'RT @borg_brain: SHOUTOUT to @polkawarriors for the killer infographics, wrapping up the huge year that Polkadot has had!!!\n\n$DOT $KSM $PLM\xe2\x80\xa6'"
2021-01-08,b'$RING #Darwinia $CRU #Crust $FIS #StaFi $PHA #Phala https://t.co/YLLqB4YYHa'
2021-01-08,b'RT @DrCrypto47: Jan 1st  2021 LOW MC &amp; UNRELEASED GEM LIST\n\n$TVK \xf0\x9f\x92\x8e\n$PPAY \xf0\x9f\x92\x8e\n$XED \xf0\x9f\x92\x8e\n$RFUEL \xf0\x9f\x92\x8e\n$OM \xf0\x9f\x92\x8e\n$EQ \xf0\x9f\x92\x8e\n$TIDAL \xf0\x9f\x92\x8e\n$PHA \xf0\x9f\x92\x8e\n$REEF \xf0\x9f\x92\x8e\n$KYL \xf0\x9f\x92\x8e \n$UNN\xe2\x80\xa6'
2021-01-08,"b'RT @ObinnaMozie1: @MacroCRG You need to look at this three $BLZ , $FIS , $Reef'"
2021-01-08,"b'RT @ObinnaMozie1: @EarnWithSapna Yes indeed and I have got my eyes on this three lovely gems $BLZ , $Reef , $FIS .'"
2021-01-08,"b'RT @ObinnaMozie1: @boxmining Take a good look at this three lovely gems $Reef , $BLZ , $FIS .'"
2021-01-08,"b'RT @ObinnaMozie1: @Bitboy_Crypto Would love you to cove this three amazing projects.\n$BLZ , $Reef , $FIS.'"
2021-01-08,b'RT @awkwardtrader: $Kira \n$fis\n$skm\n$Nix\n$Dmst \n$Kerman - Still figuring this one out.\n$Zap\n$Mitx\n$rwn \n$Dets - warning #DeFi is a little h\xe2\x80\xa6'
2021-01-08,"b'RT @ObinnaMozie1: @EarnWithSapna Yes indeed and I have got my eyes on this three lovely gems $BLZ , $Reef , $FIS .'"
2021-01-08,"b'RT @ObinnaMozie1: @MacroCRG You need to look at this three $BLZ , $FIS , $Reef'"
2021-01-08,b'RT @RealHappyBlock: #Polkadot  Parachain Slots Auction Participation Projects Overview I II \n\n$DOT PUMP in a few days\xf0\x9f\x86\x99\xf0\x9f\x86\x99\xf0\x9f\x86\x99\n\n$PHA $PCX $RING $\xe2\x80\xa6'
2021-01-08,"b""RT @LukeDonay: \xf0\x9f\x92\xa5Big Investor Talk\xf0\x9f\x92\xa5\n\nHedge fund manager Dan Loeb's fund Third Point ended 2020 with a 20.6% gain for the year. \xf0\x9f\x92\xb0\n\nHis top ho\xe2\x80\xa6"""
2021-01-08,b'On the 2021-01-04\n -&gt; Ramji Asif (Chief Growth Officer) sold 7.35M worth of $FIS stocks\n#FIS #SEC #FROM4 #BoardSellingStocks'
2021-01-07,"b""Thursday's Top Flow in #technology sector, Buy Flow &amp; Sell Flow $NVDA $AAPL $QCOM $T $VZ $MCHP $GOOGL $INTC $XLNX $EBAY $GOOG $V $TXN $MSFT $GLW $FIS $FB $LRCX $FISV $HPQ #stock #stocks #StockMarket #Investment #investing https://t.co/5JE2nlrW3B https://t.co/h8G8zE8Fu3"""
2021-01-07,b'#Fidelity National Information $FIS Has A Weak #Technical Analysis Score (TA Score). Breakdown Of 3 Categories: #candle score Good; moving average score Poor; #momentum score Neutral #stocks #stock #StockMarket #Investment #investing https://t.co/IWZSYMAia0 https://t.co/XTkjo6646y'
2021-01-07,b'#Fidelity National Information $FIS Has A Weak #Technical Analysis Score (TA Score). Breakdown Of 3 Categories: #candle score Good; moving average score Poor; #momentum score Neutral #stocks #stock #StockMarket #Investment #investing https://t.co/Gr3YvQQ4OY https://t.co/edlIyQXYQw'
2021-01-07,b'#Fidelity National Information $FIS Has A Weak #Technical Analysis Score (TA Score). Breakdown Of 3 Categories: #candle score Good; moving average score Poor; #momentum score Neutral #stocks #stock #StockMarket #Investment #investing https://t.co/I8hjTlEqg3 https://t.co/3DVq7Ytlyr'
2021-01-07,b'Major #crypto exchanges going into meltdown?\n\n#Bitcoin  #DeFi $BTC $ETH $LINK $XOR $XRT $DOT $KSM $OM $RFUEL $TVK $PCX $FIS $POLS $RING $EQ $SPDR $GRT $UNN $DOS $CLIQ $DEGO $KYL $OCEAN $PPAY $COTI $REVV'
2021-01-07,b'$DOT #Polkadot $RING #Darwinia $FIS #StaFi $CRU #Crust $PHA #Phala $OM #MantraDao $RFUEL #RioDeFi $REEF #ReefFinance https://t.co/mhlOt6lnQ2'
2021-01-07,"b'RT @MITickWatcher: Today Top Flow in S&amp;P 500 #SP500, Buy Flow &amp; Sell Flow $NVDA $AMD $GOOGL $DD $GILD $BBY $AVGO $TMO $HAL $LMT $TSLA $BA $\xe2\x80\xa6'"
2021-01-07,b'@LilMoonLambo $FIS is always forgot on peoples $DOT list'
2021-01-07,b'@LilMoonLambo Are you swing trading the Technology sector? $FIS is currently the most undervalued symbol. Relative value analysis is real edge.  Free report now. https://t.co/BkPhUqHAG9'
2021-01-07,b'Polkacover $CVR and StaFi $FIS for sure \xf0\x9f\x92\x8e https://t.co/hCqmBsiGaF'
2021-01-07,"b""RT @TiggersCrypto: IT'S $KLP TIME! \xf0\x9f\x91\x91\xf0\x9f\x92\xb0\xf0\x9f\x94\xa5\xf0\x9f\xa4\x91\n\n-Has just dumped HEAVILY (-85% from ATH) \n\n-One of the LOWEST $DOT MC projects\n\n-PoW, Bitcoin of P\xe2\x80\xa6"""
2021-01-07,b'Just sold my 128k $VET made huge profit price pumped on bitexar made 10x lols \n\nStep 1 buy on binance for $0.0304\nstep 2 sell on https://t.co/oASJu66lgs for $0.09\n\n$eth $btc $doge $ankr $akro $swap $bolt $defi #defi #uniswap $fis $sta $prq $spdr $swfl'
2021-01-07,b'hahah Made profit with $VET flipping on exchanges Free money guys \n\nStep 1 buy $VET from binance in cheap $0.0308\nStep 2 Sell on https://t.co/5untDhsJRn for PayPal $0.09\n\nFree money thank me later \n\n$FIS $XRP $LTC $DOGE $RFI $YFI $ETH $BTC $akro'
2021-01-07,"b'@TraderLenny $Fis, $Ppay,$Ankr,$Pcx'"
2021-01-07,b'It seems this survey is now obsolete.\n\nCrypto MC is over $1 trillion.\n\n#Bitcoin  #DeFi $BTC $DOT $KSM $ETH $LINK $XOR $XRT $OM $RFUEL $TVK $PCX $FIS $UNN $POLS $RING $EQ $BOND $SPDR $GRT $TRB $DOS $CLIQ $REEF $KYL $OCEAN $DOCK $SNX $COTI $GHST $REVV $PPAY https://t.co/c0BFDASIoV'
2021-01-07,"b""\xf0\x9f\x92\xa5Big Investor Talk\xf0\x9f\x92\xa5\n\nHedge fund manager Dan Loeb's fund Third Point ended 2020 with a 20.6% gain for the year. \xf0\x9f\x92\xb0\n\nHis top holdings per CNBC as of Sept 30th were;\xf0\x9f\x91\x87\n\n$PCGU\n$BABA\n$DIS\n$DHR\n$AMZN\n$IAA\n$FIS\n$CHTR\n\nSolid portfolio! \xe2\x9c\x85"""
2021-01-07,"b'Today Top Flow in #technology sector, Buy Flow &amp; Sell Flow $NVDA $GOOGL $MU $QCOM $ADBE $AMAT $IBM $CRM $AAPL $EA $FB $FIS $TXN $GOOG $MSFT $CSCO $INTC $INTU $MA $V #stock #stocks #StockMarket #Investment #investing https://t.co/Gr3YvQQ4OY https://t.co/qj9D3II1jt'"
2021-01-07,"b'Today Top Flow in S&amp;P 500 #SP500, Buy Flow &amp; Sell Flow $NVDA $AMD $GOOGL $DD $GILD $BBY $AVGO $TMO $HAL $LMT $TSLA $BA $FB $KO $FIS $ZTS $JPM $AMZN $TXN $PFE #stock #stocks #StockMarket #Investment #investing https://t.co/Gr3YvQQ4OY https://t.co/mRUYFWK568'"
2021-01-07,"b""RT @TiggersCrypto: IT'S $KLP TIME! \xf0\x9f\x91\x91\xf0\x9f\x92\xb0\xf0\x9f\x94\xa5\xf0\x9f\xa4\x91\n\n-Has just dumped HEAVILY (-85% from ATH) \n\n-One of the LOWEST $DOT MC projects\n\n-PoW, Bitcoin of P\xe2\x80\xa6"""
2021-01-07,"b'Today Top Flow in #technology sector, Buy Flow &amp; Sell Flow $NVDA $GOOGL $QCOM $AMAT $ADBE $MU $T $EA $IBM $TEL $FB $FIS $TXN $GOOG $AAPL $MSFT $INTC $CSCO $INTU $V #stock #stocks #StockMarket #Investment #investing https://t.co/5JE2nlrW3B https://t.co/OfXYmoSUsi'"
2021-01-07,"b'Today Top Flow in S&amp;P 500 #SP500, Buy Flow and Sell Flow $NVDA $AMD $GOOGL $BBY $TMO $AVGO $DD $FCX $HAL $AMAT $TSLA $KO $BA $FB $FIS $AMZN $ZTS $JPM $TXN $AAPL #stock #stocks #StockMarket #Investment #investing https://t.co/5JE2nlrW3B https://t.co/2fghRUGwSm'"
2021-01-07,b'Wellesley Hills Financial Feed\n                                     \n$MA         +1.35%%\n$V            +1.08%\n$PYPL      +3.48%\n$SQ          +4.64%\n$FIS          +0.12%\n$GPN        +1.47%\n\n#payments #fintech'
2021-01-07,b'$soul is the most undervalued $nft coin on the market \n\nPhantasma an whole ecosystem in itself and much more than $nft \n\nAnd team just cares about development \n\nCheck them out while still under the radar \n\n$xrt $fis $rws $coti $sol $grt $luna'
2021-01-07,"b""RT @TiggersCrypto: IT'S $KLP TIME! \xf0\x9f\x91\x91\xf0\x9f\x92\xb0\xf0\x9f\x94\xa5\xf0\x9f\xa4\x91\n\n-Has just dumped HEAVILY (-85% from ATH) \n\n-One of the LOWEST $DOT MC projects\n\n-PoW, Bitcoin of P\xe2\x80\xa6"""
2021-01-07,"b""RT @TiggersCrypto: IT'S $KLP TIME! \xf0\x9f\x91\x91\xf0\x9f\x92\xb0\xf0\x9f\x94\xa5\xf0\x9f\xa4\x91\n\n-Has just dumped HEAVILY (-85% from ATH) \n\n-One of the LOWEST $DOT MC projects\n\n-PoW, Bitcoin of P\xe2\x80\xa6"""
2021-01-07,"b""RT @TiggersCrypto: IT'S $KLP TIME! \xf0\x9f\x91\x91\xf0\x9f\x92\xb0\xf0\x9f\x94\xa5\xf0\x9f\xa4\x91\n\n-Has just dumped HEAVILY (-85% from ATH) \n\n-One of the LOWEST $DOT MC projects\n\n-PoW, Bitcoin of P\xe2\x80\xa6"""
2021-01-07,"b""IT'S $KLP TIME! \xf0\x9f\x91\x91\xf0\x9f\x92\xb0\xf0\x9f\x94\xa5\xf0\x9f\xa4\x91\n\n-Has just dumped HEAVILY (-85% from ATH) \n\n-One of the LOWEST $DOT MC projects\n\n-PoW, Bitcoin of Polkadot (can be changed to PoS) \n\n-Online update via referendum, no need for forks\n\n-Developed by @sorpaas (Wei Tang) \n\n$EDG $PCX $FIS $ACU $PHA $SOL $YFI https://t.co/Oaww7Ia0b9"""
2021-01-07,b'The best parachains project of #Polkadot is \n\n$PCX $FIS $OM $RING $AKRO $PLASM $XRT'
