2021-01-08,Fulton Financial Corporation Announces Dates for Fourth Quarter/Year-End 2020 Earnings Release and Webcast
2020-12-30,"The Zacks Analyst Blog Highlights: Associated Banc-Corp, First Horizon Corp, Fulton Financial Corp, Northwest Bancshares and Trustmark Corp"
2020-12-29,5 Beaten-Down Bank Stocks to Buy for a Turnaround in 2021
2020-12-15,Is FULT A Good Stock To Buy Now?
2020-12-15,Fulton Financial Corporation Declares Quarterly Common and Preferred Dividends
2020-12-10,Moving Average Crossover Alert: Fulton Financial (FULT)
2020-12-08,Moelis & Company (MC) Stock Up on Special Dividend Announcement
2020-11-29,Why You Might Be Interested In Fulton Financial Corporation (NASDAQ:FULT) For Its Upcoming Dividend
2020-11-27,Fulton Financial (FULT) Rewards Investors With Special Dividend
2020-11-25,Fulton Financial Corporation Declares Special Cash Dividend
2020-11-24,"Fulton Financial (FULT) Buys BenefitWorks, Boosts AUM Balance"
2020-11-23,"Fulton Bank, N.A. Purchases the Outstanding Stock of BenefitWorks"
2020-11-16,"The Zacks Analyst Blog Highlights: Fifth Third Bancorp, Canadian Imperial Bank of Commerce, Commerce Bancshares, Ameris Bancorp and Fulton Financial Corp"
2020-11-14,SHAREHOLDER ALERT: Pomerantz Law Firm Investigates Claims  On Behalf of Investors of Fluidigm Corporation - FLDM
2020-11-13,5 Banks to Gain From an Increase in Consumer Borrowing
2020-11-05,5 Value Stocks To Watch In The Financial Services Sector
2020-10-27,Fulton Financial Corporation -- Moody's rates Fulton Financial Corporation's preferred stock Baa3(hyb)
2020-10-23,"HAGENS BERMAN, NATIONAL TRIAL ATTORNEYS, Updates FULT, FIXX Investors, Encourages Investors with Losses to Contact Its Attorneys, SEC Finds Companies Violated Securities Laws"
2020-10-23,"Earnings Beat: Fulton Financial Corporation Just Beat Analyst Forecasts, And Analysts Have Been Updating Their Models"
2020-10-22,Fulton Financial Announces Pricing of $200 Million Offering of Non-Cumulative Perpetual Preferred Stock Depositary Shares
2020-10-21,SHAREHOLDER ALERT: Pomerantz Law Firm Investigates Claims On Behalf of Investors of Fluidigm Corporation - FLDM
2020-10-21,Fulton Financial Corp (FULT) Q3 2020 Earnings Call Transcript
2020-10-20,Fulton Financial (FULT) Q3 Earnings and Revenues Beat Estimates
2020-10-20,Fulton Financial Announces Third Quarter Earnings
2020-10-15,"FULT, TILE INVESTOR UPDATE ON SEC VIOLATIONS: Hagens Berman, National Trial Attorneys, Updates FULT, TILE Investors, Encourages Investors with Losses to Contact Its Attorneys, SEC Finds Companies Violated Securities Laws"
2020-10-14,SHAREHOLDER ALERT: Pomerantz Law Firm Investigates Claims  On Behalf of Investors of Fluidigm Corporation - FLDM
2020-10-14,"SHAREHOLDER ALERT: Pomerantz Law Firm Investigates Claims  On Behalf of Investors of Homology Medicines, Inc. - FIXX"
2020-10-13,Fulton Financial (FULT) Expected to Beat Earnings Estimates: Can the Stock Move Higher?
2020-10-11,"HAGENS BERMAN, NATIONAL TRIAL ATTORNEYS, Encourages Fulton Financial (FULT) Investors with Losses to Contact Its Attorneys, SEC Finds Company Violated Securities Laws"
2020-10-10,SHAREHOLDER ALERT: Pomerantz Law Firm Investigates Claims  On Behalf of Investors of Fluidigm Corporation - FLDM
2020-10-09,"HAGENS BERMAN, NATIONAL TRIAL ATTORNEYS, Updates FULT, TILE Investors, Encourages Investors with Losses to Contact Its Attorneys, SEC Finds Companies Violated Securities Laws"
2020-10-08,"FULTON FINANCIAL ALERT: Bragar Eagel & Squire, P.C. is Investigating Fulton Financial Corporation on Behalf of Fulton Stockholders and Encourages Investors to Contact the Firm"
2020-10-08,SHAREHOLDER ALERT: Pomerantz Law Firm Investigates Claims On Behalf of Investors of Fulton Financial Corporation - FULT
2020-10-08,Fulton Financial Corporation Announces Dates for Third Quarter 2020 Earnings Release and Webcast
2020-10-08,Fulton Bank and Reltio to Discuss Digital Transformation in Banking and Financial Services at Forrester Data Strategy & Insights Conference
2020-10-07,"FULT, TILE, INVESTOR FRAUD ALERT: Hagens Berman, National Trial Attorneys, Updates FULT, TILE Investors, Encourages Investors with Losses to Contact Its Attorneys, SEC Finds Companies Violated Securities Laws"
2020-10-07,INVESTOR ALERT: Law Offices of Howard G. Smith Announces Investigation of Fulton Financial Corporation (FULT) on Behalf of Investors
2020-10-07,"Glancy Prongay & Murray LLP, a Leading Securities Fraud Law Firm, Announces Investigation of Fulton Financial Corporation (FULT) on Behalf of Investors"
2020-10-06,"HAGENS BERMAN, NATIONAL TRIAL ATTORNEYS, Updates FULT, TILE Investors, Encourages Investors with Losses to Contact Its Attorneys, SEC Finds Companies Violated Securities Laws"
2020-10-05,"HAGENS BERMAN, NATIONAL TRIAL ATTORNEYS, Encourages Fulton Financial (FULT) Investors with Losses to Contact Its Attorneys, SEC Finds Company Violated Securities Laws"
2020-10-02,"HAGENS BERMAN, NATIONAL TRIAL ATTORNEYS, Encourages Fulton Financial (FULT) Investors with Losses to Contact Its Attorneys, SEC Finds Company Violated Securities Laws"
2020-10-01,The Law Offices of Frank R. Cruz Announces Investigation of Fulton Financial Corporation (FULT) on Behalf of Investors
2020-10-01,"HAGENS BERMAN, NATIONAL TRIAL ATTORNEYS, Encourages Fulton Financial (FULT) Investors with Losses to Contact Its Attorneys, SEC Finds Company Violated Securities Laws"
2020-09-28,"Fulton Financial (FULT) Ratings, Outlook Affirmed by Moody's"
2020-09-25,"Fulton Bank, National Association -- Moody's affirms Fulton Financial Corporation's ratings (senior unsecured Baa1); outlook stable"
2020-09-22,Fulton Financial Corporation Declares Quarterly Cash Dividend
2020-09-08,What Is The Ownership Structure Like For Fulton Financial Corporation (NASDAQ:FULT)?
2020-09-04,3 Safe Dividend Stocks Yielding 5%; Analysts Say Buy
2020-07-24,Results: Fulton Financial Corporation Beat Earnings Expectations And Analysts Now Have New Forecasts
2020-07-22,Fulton Financial Corp (FULT) Q2 2020 Earnings Call Transcript
2020-07-21,Fulton Financial (FULT) Beats Q2 Earnings and Revenue Estimates
2020-07-21,Recap: Fulton Financial Q2 Earnings
2020-07-21,Fulton Financial Announces Second Quarter Earnings
2020-07-21,What We Learned About Fulton Financial's (NASDAQ:FULT) CEO Pay
2020-07-16,Fulton Financial Corporation Announces Dates for Second Quarter Earnings Release and Webcast
2020-07-15,Fulton Bank Announces Creation of New Fulton Forward® Foundation to Advance Economic Empowerment in Underserved Communities
2020-07-14,Earnings Preview: Fulton Financial (FULT) Q2 Earnings Expected to Decline
2020-06-29,4 Reasons to Buy Fulton Financial (FULT) Stock Right Now
2020-06-28,Hedge Funds Standing By Fulton Financial Corp (FULT)
2020-06-16,Fulton Financial Corporation Declares Quarterly Cash Dividend
2020-06-10,Edited Transcript of FULT earnings conference call or presentation 22-Apr-20 2:00pm GMT
2020-06-09,Fulton Bank Adopts nCino to Improve Customer Experience and Enhance Efficiency
2020-05-19,Who Has Been Buying Fulton Financial Corporation (NASDAQ:FULT) Shares?
2020-05-05,Fulton Bank Funds Nearly $2 Billion in Loans to Business and Nonprofit Customers Through the SBAs Paycheck Protection Program
2020-04-23,How a new accounting standard crashed Q1 for some of the regions top-performing banks
2020-04-23,Fulton Financial Corporation Earnings Missed Analyst Estimates: Here's What Analysts Are Forecasting Now
2020-04-22,Fulton Financial Corp. to Host Earnings Call
2020-04-21,Fulton Financial (FULT) Tops Q1 Earnings and Revenue Estimates
2020-04-21,"Fulton Financial Responds to the COVID-19 Pandemic, ""Its Personal,"" and Announces First Quarter Earnings"
2020-04-14,Analysts Estimate Fulton Financial (FULT) to Report a Decline in Earnings: What to Look Out for
2020-04-08,Fulton Financial Corporation Announces Dates for First Quarter Earnings Release and Webcast
2020-04-06,Fulton Financial Announces Change in Location for 2020 Annual Shareholders Meeting
2020-04-05,Were Hedge Funds Right About Selling Fulton Financial Corp (FULT) Before The Coronavirus?
2020-04-05,What Is Fulton Financial's (NASDAQ:FULT) P/E Ratio After Its Share Price Tanked?
2020-04-03,SBA's last-minute Paycheck Protection Program guidance leaves local banks scrambling
2020-03-26,"Fulton Financial Corporation (NASDAQ:FULT) Looks Interesting, And It's About To Pay A Dividend"
2020-03-20,CORRECTING and REPLACING Fulton Bank Offers Assistance Programs for Those Impacted by COVID-19
2020-03-18,These Long-Term Payers Announce Dividends
2020-03-17,Fulton Financial Corporation declares quarterly cash dividend
2020-03-13,A Sliding Share Price Has Us Looking At Fulton Financial Corporation's (NASDAQ:FULT) P/E Ratio
2020-02-28,"FULTON BANK, NATIONAL ASSOCIATION -- Moody's announces completion of a periodic review of ratings of Fulton Financial Corporation"
2020-02-25,Fulton Financial Announces Pricing of Subordinated Notes Offerings
2020-02-24,Fulton Financial Announces Launch of Subordinated Notes Offerings
2020-02-04,Fulton Mortgage Company Honored With First Annual Community Revitalization Award in Philadelphia
2020-01-31,Fulton Bank to open branch in high-profile University City development project
2020-01-30,Delco company tops Forbes list of best employers for diversity
2020-01-27,"With EPS Growth And More, Fulton Financial (NASDAQ:FULT) Is Interesting"
2020-01-24,Edited Transcript of FULT earnings conference call or presentation 22-Jan-20 3:00pm GMT
2020-01-21,Fulton Financial Reports Fourth Quarter and 2019 Results
2020-01-14,Fulton Financial (FULT) Earnings Expected to Grow: Should You Buy?
2020-01-06,Fulton Financial Corporation Announces Dates for Fourth Quarter/Year-End 2019 Earnings Release and Webcast
2020-01-01,Is Fulton Financial Corporation's (NASDAQ:FULT) CEO Being Overpaid?
2019-12-23,"Year in Review 2019: Bank consolidation continues, credit unions make push"
2019-12-17,Fulton Financial Corporation Declares Quarterly Cash Dividend
2019-12-13,BancorpSouth Unveils Share Buyback Plan to Cheer Stockholders
2019-12-12,Here is What Hedge Funds Think About Fulton Financial Corp (FULT)
2019-12-12,'Fragmented and disrupted': Analysts dissect Philadelphia's banking market
2019-12-03,Why Fulton Financial Corporation (NASDAQ:FULT) Is A Top Dividend Stock
2019-11-28,Fulton Financial Rewards Shareholders: Is it Worth a Look?
2019-11-25,Fulton Financial Corporation Declares Special Cash Dividend
