2021-01-11,New Strong Buy Stocks for January 11th
2021-01-07,Aecom Technology Sees Relative Strength Rating Rise To 74
2021-01-05,Primoris Services Corporation Reorganizes Business Units and Segment Reporting Structure to Support Growth Opportunities
2021-01-05,Primoris Services Corporation's (NASDAQ:PRIM) Stock Is Going Strong: Is the Market Following Fundamentals?
2020-12-29,Primoris Services Corporation Announces a Solar Award of Approximately $100 Million
2020-12-28,Primoris Services Corporation to Participate in the CJS Securities Investor Conference
2020-12-21,Primoris Services Corporation Announces Pipeline Awards Estimated at $39 Million
2020-12-19,Is PRIM A Good Stock To Buy Now According To Hedge Funds?
2020-12-17,"Is Primoris Services (PRIM) a Solid Growth Stock? 3 Reasons to Think "" Yes """
2020-12-14,"Primoris Services Corporation to Acquire Future Infrastructure Holdings, LLC to Establish Leading Platform in Telecommunication Services"
2020-12-08,Primoris Services Corporation Announces Utility Award Estimated at $36 Million
2020-12-01,3 Reasons Growth Investors Will Love Primoris Services (PRIM)
2020-11-30,We Like These Underlying Trends At Primoris Services (NASDAQ:PRIM)
2020-11-24,Primoris Services Corporation to Participate in Investor Conference
2020-11-16,"The Zacks Analyst Blog Highlights: Tapestry, The Providence Service Corp, MACOM, Primoris Services Corp. and Matson"
2020-11-05,Primoris Services Corporation Reports Third Quarter 2020 Results
2020-11-05,What's in Store for Primoris Services' (PRIM) Q3 Earnings?
2020-11-05,Earnings Preview: Primoris Services
2020-10-30,Analysts Estimate Primoris Services (PRIM) to Report a Decline in Earnings: What to Look Out for
2020-10-30,What Type Of Returns Would Primoris Services'(NASDAQ:PRIM) Shareholders Have Earned If They Purchased Their SharesThree Years Ago?
2020-10-13,Hedge Funds Have Never Been This Bullish On Primoris Services Corp (PRIM)
2020-10-13,Primoris Services Corporation Schedules Conference Call to Discuss 2020 Third Quarter Financial Results
2020-10-05,Primoris Services Corporation Announces Industrial Award Valued Over $110 Million
2020-09-24,Is It Smart To Buy Primoris Services Corporation (NASDAQ:PRIM) Before It Goes Ex-Dividend?
2020-09-24,Aecom Technology Generating Improved Relative Strength At 72
2020-09-16,Primoris Services Corporation to Participate in Several Investor Conferences in September
2020-09-03,Primoris Services Corporation Announces Pipeline Awards Valued Over $75 Million
2020-09-02,Primoris Services Corporation Announces Heavy Civil Awards Valued Over $76 Million
2020-08-27,Primoris Services Corporation Expands Pipeline Repair Capabilities
2020-08-25,Is Primoris Services (PRIM) a Great Value Stock Right Now?
2020-08-21,Should You Think About Buying Primoris Services Corporation (NASDAQ:PRIM) Now?
2020-08-17,Primoris Services Corporation Announces Heavy Civil Award Valued at $30 Million
2020-08-05,Primoris Services Corporation to Participate in Investor Conference
2020-08-04,Primoris Services (PRIM) Q2 Earnings and Revenues Top Estimates
2020-08-04,Primoris Services: Q2 Earnings Insights
2020-08-04,Primoris Services Corporation Announces 2020 Second Quarter Financial Results
2020-08-03,Primoris Services Corporation Announces Solar Awards Valued Over $60 Million
2020-07-31,Registration - Sidoti's 2020 Fall Virtual Investor Conference is Open Now.
2020-07-28,Primoris Services (PRIM) Reports Next Week: What to Expect
2020-07-15,Primoris Services Corporation Schedules Conference Call to Discuss 2020 Second Quarter Financial Results
2020-07-13,Primoris Services Corporation to Participate in Investor Conference
2020-07-07,Primoris Services Corporation Appoints Two New Members to Its Board of Directors
2020-07-04,Primoris Services Corp (PRIM): Hedge Funds In Wait-and-See Mode
2020-07-01,Primoris Services Corporation Announces Pipeline Award Valued Over $100 Million
2020-06-25,Primoris Services Corporation Announces Heavy Civil Award Valued Over $55 Million
2020-06-24,Primoris Services Corporation Announces Solar Award Valued Over $95 Million
2020-06-18,Primoris Services Corporation Announces Solar Award Valued Over $155 Million
2020-06-17,Primoris Services Corporation Announces Utility Award Valued at $60 Million
2020-06-12,Edited Transcript of PRIM earnings conference call or presentation 5-May-20 2:00pm GMT
2020-06-11,Primoris Services Corporation Announces Utility Awards Valued Over $45 Million
2020-06-01,Primoris Services Corporation Announces Solar Award
2020-05-26,Primoris Services Corporation to Participate in Several Investor Conferences in May and June
2020-05-20,Primoris Services Corporation Announces Industrial Awards Valued Over $62 million
2020-05-11,Was The Smart Money Right About Primoris Services Corp (PRIM)?
2020-05-11,Primoris Services Corporation Announces Industrial Award Valued Over $200 Million
2020-05-05,Primoris Services: Q1 Earnings Insights
2020-05-05,Primoris Services Corporation Announces 2020 First Quarter Financial Results
2020-05-01,Primoris Services Corporation Announces Solar Awards Valued $50 Million
2020-05-01,Primoris Services Corporation Announces Utility Award Valued Over $22 Million
2020-04-28,Earnings Preview: Primoris Services (PRIM) Q1 Earnings Expected to Decline
2020-04-28,Primoris Services Corporation Announces Utility Award Valued at $105 Million
2020-04-27,Primoris Services Corporation Schedules Conference Call to Discuss 2020 First Quarter Financial Results
2020-04-21,Primoris Services Corporation Announces Change of Location of Annual Meeting of Stockholders
2020-04-13,"How Does Primoris Services's (NASDAQ:PRIM) P/E Compare To Its Industry, After Its Big Share Price Gain?"
2020-04-02,PRIMORIS SERVICES CORPORATION ANNOUNCES PIPELINE AWARDS VALUED OVER $100 MILLION
2020-03-31,PRIMORIS SERVICES CORPORATION ANNOUNCES HEAVY CIVIL AWARD VALUED OVER $49 MILLION
2020-03-26,Edited Transcript of PRIM earnings conference call or presentation 25-Feb-20 3:00pm GMT
2020-03-26,Should Income Investors Look At Primoris Services Corporation (NASDAQ:PRIM) Before Its Ex-Dividend?
2020-03-26,PRIMORIS SERVICES CORPORATION ANNOUNCES UTILITY AWARDS VALUED OVER $35 MILLION
2020-03-12,What Is Primoris Services's (NASDAQ:PRIM) P/E Ratio After Its Share Price Tanked?
2020-03-03,Primoris Services Corporation to Attend Investor Conferences
2020-02-27,Primoris Services Corporation Just Reported Annual Earnings: Have Analysts Changed Their Mind On The Stock?
2020-02-25,Primoris Services Corporation Announces 2019 Fourth Quarter and Full Year Financial Results
2020-02-24,Primoris Services Corporation Announces Board Change
2020-02-20,"Infrastructure and Energy Alternatives, Inc. Announces Executive Management Changes"
2020-02-19,Edited Transcript of PRIM earnings conference call or presentation 28-Feb-17 2:30pm GMT
2020-02-17,Should You Think About Buying Primoris Services Corporation (NASDAQ:PRIM) Now?
2020-02-11,Primoris Services Corporation Schedules Conference Call to Discuss 2019 Fourth Quarter and Full Year Financial Results
2020-02-04,Heavy Construction Outlook: Rosy on High Public Spending
2020-01-28,Here's Why I Think Primoris Services (NASDAQ:PRIM) Is An Interesting Stock
2020-01-28,Primoris Services Corporation Announces Pipeline Awards Valued Over $260 Million
2020-01-23,Primoris Services Corporation Announces Heavy Civil Award Valued Over $54 Million
2020-01-08,Is Primoris Services Corporation (NASDAQ:PRIM) The Right Choice For A Smart Dividend Investor?
2020-01-07,Primoris Services Corporation Announces Industrial Award Valued Over $25 Million
2019-12-31,Primoris Services Corporation Director Carla Mashinski Named to WomenInc. Most Influential Corporate Directors
2019-12-24,3 High Earnings Yield Stocks to Consider
2019-12-17,Primoris Services Corporation Announces Heavy Civil Award Valued Over $27 Million
2019-12-16,Primoris Services Corporation Announces Electric T&d Award Valued at $1 Billion
2019-12-13,Should You Buy Primoris Services Corp (PRIM)?
2019-12-11,How Does Primoris Services Corporation (NASDAQ:PRIM) Affect Your Portfolio Volatility?
2019-12-11,Primoris Services Corporation Announces Repurchase of Common Stock
2019-12-09,Primoris Services Corporation Announces Pending Board Change
2019-12-06,Primoris Services Corporation Announces Engineering Awards Valued Over $34 Million
2019-12-05,Primoris Services Corporation Announces Pipeline Awards Valued Over $45 Million
2019-11-19,Primoris Services Corporation to Attend Investor Conference
2019-11-19,Primoris Services Corporation Announces Industrial Awards Valued Over $30 Million
2019-11-14,Volatility 101: Should Primoris Services (NASDAQ:PRIM) Shares Have Dropped 20%?
2019-11-13,Primoris Services Corporation to Attend Investor Conference
2019-11-08,Chuck Royce's Firm Saws Another Chunk Off of L.S. Starrett
2019-11-07,Edited Transcript of PRIM earnings conference call or presentation 4-Nov-19 3:00pm GMT
