2020-12-11,Where Do Hedge Funds Stand On Hanmi Financial Corp (HAFC)?
2020-11-08,Why It Might Not Make Sense To Buy Hanmi Financial Corporation (NASDAQ:HAFC) For Its Upcoming Dividend
2020-11-05,Hanmi Financial Declares Cash Dividend of $0.08 per Share
2020-11-02,Have Insiders Been Buying Hanmi Financial Corporation (NASDAQ:HAFC) Shares?
2020-10-28,Hanmi Financial Corp (HAFC) Q3 2020 Earnings Call Transcript
2020-10-27,Hanmi Financial (HAFC) Beats Q3 Earnings and Revenue Estimates
2020-10-27,Hanmi Financial: Q3 Earnings Insights
2020-10-27,Hanmi Reports Third Quarter 2020 Results
2020-10-20,Earnings Preview: Hanmi Financial (HAFC) Q3 Earnings Expected to Decline
2020-10-20,Is Hanmi Financial (HAFC) a Great Value Stock Right Now?
2020-10-16,Hanmi Financial Corporation Announces Third Quarter 2020 Earnings and Conference Call Date
2020-10-02,Should Value Investors Buy Hanmi Financial (HAFC) Stock?
2020-08-03,Why It Might Not Make Sense To Buy Hanmi Financial Corporation (NASDAQ:HAFC) For Its Upcoming Dividend
2020-07-29,Hanmi Financial Declares Cash Dividend of $0.08 per Share
2020-07-28,Hanmi Financial Corp (HAFC) Q2 2020 Earnings Call Transcript
2020-07-28,Hanmi Financial (HAFC) Q2 Earnings and Revenues Top Estimates
2020-07-28,Hanmi Reports Second Quarter 2020 Results
2020-07-21,Hanmi Financial (HAFC) Earnings Expected to Grow: What to Know Ahead of Next Week's Release
2020-07-10,Hanmi Financial Corporation Announces Second Quarter 2020 Earnings and Conference Call Date
2020-07-08,Do Hedge Funds Love Hanmi Financial Corp (HAFC)?
2020-06-29,Edited Transcript of HAFC earnings conference call or presentation 30-Apr-20 9:00pm GMT
2020-06-01,Hanmi Financial Corporation Changes its Annual Shareholders Meeting to a Digital Online Format
2020-05-27,SHAREHOLDER ALERT: Pomerantz Law Firm Investigates Claims On Behalf of Investors of Hanmi Financial Corporation - HAFC
2020-05-26,SHAREHOLDER ALERT: ANAB HAFC WORX: The Law Offices of Vincent Wong Reminds Investors of Important Class Action Deadlines
2020-05-26,FINAL DEADLINE TODAY: The Schall Law Firm Announces the Filing of a Class Action Lawsuit Against Hanmi Financial Corporation and Encourages Investors with Losses to Contact the Firm
2020-05-26,"HAFC FINAL DEADLINE: Bronstein, Gewirtz & Grossman, LLC Reminds Hanmi Financial Corporation Investors of Class Action and Lead Plaintiff Deadline: May 26, 2020"
2020-05-26,"HAFC ALERT: The Klein Law Firm Announces a Lead Plaintiff Deadline of May 26, 2020 in the Class Action Filed on Behalf of Hanmi Financial Corporation Limited Shareholders"
2020-05-26,"DEADLINE TODAY: The Schall Law Firm Announces the Filing of a Class Action Lawsuit Against Hanmi Financial Corporation and Encourages Investors with Losses in Excess of $100,000 to Contact the Firm"
2020-05-26,"SHAREHOLDER ALERT: Levi & Korsinsky, LLP Notifies Shareholders of Hanmi Financial Corporation of a Class Action Lawsuit and a Lead Plaintiff Deadline of May 26, 2020 - HAFC"
2020-05-25,The Law Offices of Frank R. Cruz Reminds Investors of Looming Deadline in the Class Action Lawsuit Against Hanmi Financial Corporation (HAFC)
2020-05-25,FINAL DEADLINE TOMORROW: The Schall Law Firm Announces the Filing of a Class Action Lawsuit Against Hanmi Financial Corporation and Encourages Investors with Losses to Contact the Firm
2020-05-25,SHAREHOLDER ALERT: Pomerantz Law Firm Investigates Claims On Behalf of Investors of Hanmi Financial Corporation - HAFC
2020-05-25,"The Gross Law Firm Announces Class Actions on Behalf of Shareholders of DOYU, HAFC and BIDU"
2020-05-25,"HAFC DEADLINE: Bronstein, Gewirtz & Grossman, LLC Reminds Hanmi Financial Corporation Investors of Class Action and Lead Plaintiff Deadline: May 26, 2020"
2020-05-25,"HAFC ALERT: The Klein Law Firm Announces a Lead Plaintiff Deadline of May 26, 2020 in the Class Action Filed on Behalf of Hanmi Financial Corporation Limited Shareholders"
2020-05-25,"DEADLINE TOMORROW: The Schall Law Firm Announces the Filing of a Class Action Lawsuit Against Hanmi Financial Corporation and Encourages Investors with Losses in Excess of $100,000 to Contact the Firm"
2020-05-24,MAY 26 FINAL DEADLINE: The Schall Law Firm Announces the Filing of a Class Action Lawsuit Against Hanmi Financial Corporation and Encourages Investors with Losses to Contact the Firm
2020-05-24,"HANMI FINAL DEADLINE: ROSEN, FIRST FILING AND TOP RANKED INVESTOR FIRM, Encourages Hanmi Financial Corporation Investors to Contact Firm BEFORE MAY 26 DEADLINE in Class Action Seeking Recovery of Investor Losses - HAFC"
2020-05-24,"HAFC DEADLINE: Bronstein, Gewirtz & Grossman, LLC Reminds Hanmi Financial Corporation Investors of Class Action and Lead Plaintiff Deadline: May 26, 2020"
2020-05-23,FINAL DEADLINE TUESDAY: The Schall Law Firm Announces the Filing of a Class Action Lawsuit Against Hanmi Financial Corporation and Encourages Investors with Losses to Contact the Firm
2020-05-23,"HANMI LOSS ALERT: ROSEN, A TOP RANKED INVESTOR FIRM, Reminds Hanmi Financial Corporation Investors of Important Tuesday Deadline in Securities Class Action First Filed by the Firm  HAFC"
2020-05-23,SHAREHOLDER ALERT: Pomerantz Law Firm Investigates Claims On Behalf of Investors of Hanmi Financial Corporation - HAFC
2020-05-22,"The Gross Law Firm Announces Class Actions on Behalf of Shareholders of DOYU, HAFC and CTMX"
2020-05-22,"DEADLINE ALERT for ANAB, DOYU, HAFC, and HFFG: The Law Offices of Frank R. Cruz Reminds Investors of Class Actions on Behalf of Shareholders"
2020-05-22,4-Day Deadline Alert: The Schall Law Firm Announces the Filing of a Class Action Lawsuit Against Hanmi Financial Corporation and Encourages Investors with Losses to Contact the Firm
2020-05-22,"The Klein Law Firm Reminds Investors of Class Actions on Behalf of Shareholders of HAFC, LOPE and CONN"
2020-05-22,"HAFC DEADLINE: Bronstein, Gewirtz & Grossman, LLC Reminds Hanmi Financial Corporation Shareholders of Class Action and Lead Plaintiff Deadline: May 26, 2020"
2020-05-22,"LAWSUITS FILED AGAINST HAFC, DNK and CONN - JAKUBOWITZ LAW PURSUES SHAREHOLDERS CLAIMS"
2020-05-22,"TUESDAY DEADLINE NOTICE: The Schall Law Firm Announces the Filing of a Class Action Lawsuit Against Hanmi Financial Corporation and Encourages Investors with Losses in Excess of $100,000 to Contact the Firm"
2020-05-22,"Trade Alert: The Independent Chairman Of Hanmi Financial Corporation (NASDAQ:HAFC), John Ahn, Has Just Spent US$70k Buying 30% More Shares"
2020-05-21,"HAFC ALERT: The Klein Law Firm Announces a Lead Plaintiff Deadline of May 26, 2020 in the Class Action Filed on Behalf of Hanmi Financial Corporation Limited Shareholders"
2020-05-21,"ROSEN, A TOP RANKED LAW FIRM, Reminds Hanmi Financial Corporation Investors of Important Deadline in Securities Class Action First Filed by the Firm - HAFC"
2020-05-21,"SHAREHOLDER ALERT: Levi & Korsinsky, LLP Notifies Shareholders of Hanmi Financial Corporation of a Class Action Lawsuit and a Lead Plaintiff Deadline of May 26, 2020 - HAFC"
2020-05-21,SHAREHOLDER ALERT: Pomerantz Law Firm Investigates Claims On Behalf of Investors of Hanmi Financial Corporation - HAFC
2020-05-21,"The Gross Law Firm Announces Class Actions on Behalf of Shareholders of HAFC, GRPN and CONN"
2020-05-21,5-Day Deadline Alert: The Schall Law Firm Announces the Filing of a Class Action Lawsuit Against Hanmi Financial Corporation and Encourages Investors with Losses to Contact the Firm
2020-05-21,"LAWSUITS FILED AGAINST DOYU, HAFC and IQ - Jakubowitz Law Pursues Shareholders Claims"
2020-05-21,Glancy Prongay & Murray Reminds Investors of Looming Deadline in the Class Action Lawsuit Against of Hanmi Financial Corporation (HAFC)
2020-05-21,"CLASS ACTION UPDATE for HAFC, ZM and SERV: Levi & Korsinsky, LLP Reminds Investors of Class Actions on Behalf of Shareholders"
2020-05-21,"TUESDAY DEADLINE ALERT: The Schall Law Firm Announces the Filing of a Class Action Lawsuit Against Hanmi Financial Corporation and Encourages Investors with Losses in Excess of $100,000 to Contact the Firm"
2020-05-21,SHAREHOLDER ALERT: HAFC FITB SERV: The Law Offices of Vincent Wong Reminds Investors of Important Class Action Deadlines
2020-05-20,6-Day Deadline Alert: The Schall Law Firm Announces the Filing of a Class Action Lawsuit Against Hanmi Financial Corporation and Encourages Investors with Losses to Contact the Firm
2020-05-20,"The Klein Law Firm Reminds Investors of Class Actions on Behalf of Shareholders of DOYU, HAFC and GRPN"
2020-05-20,"HAFC DEADLINE ALERT: Bronstein, Gewirtz & Grossman, LLC Reminds Hanmi Financial Corporation Shareholders of Class Action and Lead Plaintiff Deadline: May 26, 2020"
2020-05-20,"CLASS ACTION UPDATE for HAFC, VMW and GSX: Levi & Korsinsky, LLP Reminds Investors of Class Actions on Behalf of Shareholders"
2020-05-20,"INVESTOR ACTION NOTICE: The Schall Law Firm Announces the Filing of a Class Action Lawsuit Against Hanmi Financial Corporation and Encourages Investors with Losses in Excess of $100,000 to Contact the Firm"
2020-05-19,"SHAREHOLDER ALERT: Levi & Korsinsky, LLP Notifies Shareholders of Hanmi Financial Corporation of a Class Action Lawsuit and a Lead Plaintiff Deadline of May 26, 2020 - HAFC"
2020-05-19,"7-Day Deadline Alert: The Schall Law Firm Announces the Filing of a Class Action Lawsuit Against Hanmi Financial Corporation and Encourages Investors with Losses in Excess of $100,000 to Contact the Firm"
2020-05-19,"The Klein Law Firm Reminds Investors of Class Actions on Behalf of Shareholders of DOYU, XP and HAFC"
2020-05-19,"HAFC DEADLINE: Bronstein, Gewirtz & Grossman, LLC Reminds Hanmi Financial Corporation Investors of Class Action and Lead Plaintiff Deadline: May 26, 2020"
2020-05-19,"CLASS ACTION UPDATE for HAFC, EHTH and IQ: Levi & Korsinsky, LLP Reminds Investors of Class Actions on Behalf of Shareholders"
2020-05-19,SHAREHOLDER ALERT: Pomerantz Law Firm Investigates Claims On Behalf of Investors of Hanmi Financial Corporation - HAFC
2020-05-18,"LAWSUITS FILED AGAINST HAFC, VMW and FITB - Jakubowitz Law Pursues Shareholders Claims"
2020-05-18,"MAY 26 DEADLINE: The Schall Law Firm Announces the Filing of a Class Action Lawsuit Against Hanmi Financial Corporation and Encourages Investors with Losses in Excess of $100,000 to Contact the Firm"
2020-05-18,"SHAREHOLDER ALERT: Levi & Korsinsky, LLP Notifies Shareholders of Hanmi Financial Corporation of a Class Action Lawsuit and a Lead Plaintiff Deadline of May 26, 2020 - HAFC"
2020-05-18,"HAFC DEADLINE UPDATE: Bronstein, Gewirtz & Grossman, LLC Reminds Hanmi Financial Corporation Shareholders of Class Action and Lead Plaintiff Deadline: May 26, 2020"
2020-05-18,"The Gross Law Firm Announces Class Actions on Behalf of Shareholders of DOYU, HAFC and BBBY"
2020-05-18,"DEADLINE ALERT for HAFC, HFFG, VMW, MESA: Law Offices of Howard G. Smith Reminds Investors of Class Actions on Behalf of Shareholders"
2020-05-18,SHAREHOLDER ALERT: XP HAFC BBBY: The Law Offices of Vincent Wong Reminds Investors of Important Class Action Deadlines
2020-05-17,"HAFC LOSS ALERT: ROSEN, GLOBAL INVESTOR LAWYERS, Reminds Hanmi Financial Corporation Investors of Important May 26 Deadline In First Filed Securities Class Action Commenced by the Firm - HAFC"
2020-05-17,SHAREHOLDER ALERT: Pomerantz Law Firm Investigates Claims On Behalf of Investors of Hanmi Financial Corporation - HAFC
2020-05-16,"FINAL DEADLINE IMMINENT: The Schall Law Firm Announces the Filing of a Class Action Lawsuit Against Hanmi Financial Corporation and Encourages Investors with Losses in Excess of $100,000 to Contact the Firm"
2020-05-15,SHAREHOLDER ALERT: Pomerantz Law Firm Investigates Claims On Behalf of Investors of Hanmi Financial Corporation - HAFC
2020-05-15,"SHAREHOLDER ALERT: Levi & Korsinsky, LLP Notifies Shareholders of Hanmi Financial Corporation of a Class Action Lawsuit and a Lead Plaintiff Deadline of May 26, 2020 - HAFC"
2020-05-15,"HANMI LOSS NOTICE: ROSEN, A LEADING AND TOP RANKED FIRM, Reminds Hanmi Financial Corporation Investors of Important May 26 Deadline In First Filed Securities Class Action Commenced by the Firm  HAFC"
2020-05-14,"HAFC ALERT: The Klein Law Firm Announces a Lead Plaintiff Deadline of May 26, 2020 in the Class Action Filed on Behalf of Hanmi Financial Corporation Limited Shareholders"
2020-05-14,"MAY DEADLINE ALERT: The Schall Law Firm Announces the Filing of a Class Action Lawsuit Against Hanmi Financial Corporation and Encourages Investors with Losses in Excess of $100,000 to Contact the Firm"
2020-05-14,"SHAREHOLDER ALERT: Levi & Korsinsky, LLP Notifies Shareholders of Hanmi Financial Corporation of a Class Action Lawsuit and a Lead Plaintiff Deadline of May 26, 2020 - HAFC"
2020-05-14,Shareholder Alert: Robbins LLP Announces It Is Investigating Hanmi Financial Corporation (HAFC) for Misleading Shareholders
2020-05-13,"CLASS ACTION UPDATE for HAFC, EHTH and FITB: Levi & Korsinsky, LLP Reminds Investors of Class Actions on Behalf of Shareholders"
2020-05-13,"HAFC INVESTOR UPDATE: Bronstein, Gewirtz & Grossman, LLC Reminds Hanmi Financial Corporation Shareholders of Class Action and Lead Plaintiff Deadline: May 26, 2020"
2020-05-13,"LAWSUITS FILED AGAINST HAFC, GSX and IQ - Jakubowitz Law Pursues Shareholders Claims"
2020-05-13,"HFFG INVESTOR ALERT: Bronstein, Gewirtz & Grossman, LLC Reminds HF Foods Group Inc. Shareholders of Class Action and Lead Plaintiff Deadline: May 28, 2020"
2020-05-13,"The Klein Law Firm Reminds Investors of Class Actions on Behalf of Shareholders of HAFC, VMW and BIDU"
2020-05-13,"The Gross Law Firm Announces Class Actions on Behalf of Shareholders of HAFC, GOSS and BIDU"
2020-05-12,"MAY 26 DEADLINE: The Schall Law Firm Announces the Filing of a Class Action Lawsuit Against Hanmi Financial Corporation and Encourages Investors with Losses in Excess of $100,000 to Contact the Firm"
2020-05-12,"CLASS ACTION UPDATE for INO, ANAB and HAFC: Levi & Korsinsky, LLP Reminds Investors of Class Actions on Behalf of Shareholders"
2020-05-12,SHAREHOLDER ALERT: Pomerantz Law Firm Investigates Claims On Behalf of Investors of Hanmi Financial Corporation - HAFC
2020-05-11,"LAWSUITS FILED AGAINST HAFC, VMW and GRPN - Jakubowitz Law Pursues Shareholders Claims"
2020-05-11,"IMPORTANT MAY DEADLINE REMINDER: The Schall Law Firm Announces the Filing of a Class Action Lawsuit Against Hanmi Financial Corporation and Encourages Investors with Losses in Excess of $100,000 to Contact the Firm"
