2021-01-10,Earnings Season Is About to Begin. What to Expect.
2021-01-10,These Stocks Have Survived 100 Years. How Theyve Performed Over the Years.
2021-01-10,Forget Bitcoin: These 3 Stocks Are Better Buys for a Bull Market
2021-01-08,ROCE Insights For General Electric
2021-01-08,"The Zacks Analyst Blog Highlights: UnitedHealth Group, Netflix, Caterpillar, General Electric and GlaxoSmithKline"
2021-01-08,Here's Why it is Worth Investing in Emerson (EMR) Stock Now
2021-01-07,General Electric (GE) Stock Sinks As Market Gains: What You Should Know
2021-01-07,Boeing Settles 737 Max Criminal Charge With $2.5 Billion Deal
2021-01-07,"Top Stock Reports for UnitedHealth, Netflix & Caterpillar"
2021-01-07,15 Biggest Companies That Arent Profitable
2021-01-06,Why Shares of General Electric Are Up Today
2021-01-06,"Is GE Stock A Buy In 2021 As General Electric Jumps On Stimulus, Infrastructure Hopes"
2021-01-06,Temasek Fund Backs India Startup Bringing AI Technology to Farms
2021-01-05,Daily Crunch: NYSE won't delist Chinese telcos
2021-01-05,"No Borders, Inc., Subsidiary MediDent Supplies Announces Becoming a Factory Authorized Distributor of Guangzhou based Harley Commoditys L-288 and L-188 NIOSH N95 Respirators"
2021-01-05,How General Electric Is Shaping Up for 2021
2021-01-05,15 Largest Medical Device Companies in the World
2020-12-31,General Electric (GE) Outpaces Stock Market Gains: What You Should Know
2020-12-29,Boeing 737 Max Begins Its U.S. Comeback As First Flight Lands
2020-12-29,General Electric's (GE) Unit to Supply Wind Turbine in Vietnam
2020-12-29,Better Buy: GE vs. 3M
2020-12-28,The Santa Claus Rally Just Started; 12 Stocks Gain Most
2020-12-28,10 Largest Wind Energy Companies in the World
2020-12-24,New GE Jet Engine Revealed Amid Legal Fight With Archrival
2020-12-23,ROCE Insights For General Electric
2020-12-23,"Mark Tepper Weighs In On General Electric, Under Armour And More"
2020-12-23,Bond TradersÂ Hot Tip for Next Year? Buy Stocks.
2020-12-22,Renewable Energy Stocks Should Thrive on Stimulus Boost
2020-12-22,General Electric (GE) Dips More Than Broader Markets: What You Should Know
2020-12-22,Boeing 737 Max Gets Largest U.S. Order Since Return To Service
2020-12-22,GE's Curious Case of a $47 Million CEO Bonus
2020-12-22,3 Stocks to Gain Traction From Clean Energy Revolution
2020-12-21,5 Stocks to Benefit From Continued Weakening of US Dollar
2020-12-21,Can GE Stock Bounce Back in 2021?
2020-12-20,10 Best Dividend Stocks Under $20
2020-12-19,3 Stocks Warren Buffett Would Love
2020-12-18,Why GE Will Never Break Up
2020-12-18,Goldmans Gary Cohn Saga Thrusts Clawback Shortcomings Into Spotlight
2020-12-18,Will GE's Stock Reach $20 By 2022?
2020-12-18,GE Announces Expiration and Results of its Debt Tender Offers
2020-12-18,FOCUS-Pandemic tests Rolls-Royce resilience after prolonged engine trouble
2020-12-18,FOCUS-Pandemic tests Rolls-Royce resilience after prolonged engine trouble
2020-12-17,Want to Buy General Electric (GE) Stock? Heres What You Need to Know
2020-12-16,"GE Healthcare Powers First-of-Its Kind Virtual ICU, Creating Access to Critical Care Specialists throughout State of Oregon"
2020-12-15,GEs stock jumps after two Wall Street analysts raise their targets by more than 40%
2020-12-15,GE's stock bounces toward snapping 3-day losing streak after Deutsche Bank boosts price target
2020-12-15,Athene Announces Significant Pension Buyout Agreement with GE
2020-12-14,Is GE A Good Stock To Buy Now?
2020-12-14,General Electric (GE) Announces Tender Offers for Notes & Dividend
2020-12-14,GE Healthcare and St. Lukes University Health Network Accelerate Breast Cancer Care with First One-Stop Clinic in the U.S.
2020-12-12,The GE Business You've Never Heard Of: And Why It Really Matters
2020-12-11,GE Board of Directors Authorizes Regular Quarterly Dividend
2020-12-11,"The Zacks Analyst Blog Highlights: Roche, Wells Fargo, General Electric, Microsoft and Intuit"
2020-12-11,Disruptor Alert: These 4 Companies Are Changing the Industrial Sector
2020-12-11,Tesla Stock Versus GE: A Tale of Two Bears
2020-12-11,"Airbnb Closes at $144.71 After Blockbuster IPO, and Two More Numbers to Know"
2020-12-11,GE Announces Launch of Debt Tender Offers
2020-12-10,General Electric (GE) Dips More Than Broader Markets: What You Should Know
2020-12-10,"Top Stock Reports for Roche, Wells Fargo & General Electric"
2020-12-10,General Electric's $200M SEC Settlement Doesn't Deter This Analyst
2020-12-10,Unusual Options Activity Insight: General Electric
2020-12-10,Airbnbs IPO Is Guaranteed to Be a Success. Heres Why.
2020-12-10,PRESS DIGEST - Wall Street Journal - Dec. 10
2020-12-09,"GE Fined $200 Million in SEC Probe of Power, Insurance Units"
2020-12-09,"GE is $200 Million Poorer, $200 Billion Wiser"
2020-12-09,"General Electric agrees to pay $200 million fine for misleading investors, SEC says"
2020-12-09,"Boeing 737 Max Commercial Flights, Deliveries Resume After 20 Months"
2020-12-09,General Electric Signs a Deal to Recycle Wind Turbine Blades
2020-12-09,GE Continues Rebuilding a Fortress Balance Sheet
2020-12-09,Why You Should Invest In Green Energy Right Now
2020-12-09,"General Electric (GE) Takes Financial Actions, Wins Contracts"
2020-12-08,General Electric Company -- Moody's says GE's debt reduction actions are credit positive but do not affect ratings
2020-12-08,Researchers say hardcoded passwords in GE medical imaging devices could put patient data at risk
2020-12-08,General Electric Debt Reduction Plans Are Ahead of Expectations
2020-12-08,Return On Capital Employed Overview: General Electric
2020-12-08,"General Electric Shares Gain on Debt Reduction Moves, Free Cash-Flow Forecasts"
2020-12-08,"GE to prepay pensions, repay loan in latest debt reduction move"
2020-12-08,GE Pours $4 Billion Into Balance Sheet as Cash Flow Rebounds
2020-12-08,"GE to prepay pensions, repay loan in latest debt reduction move"
2020-12-08,GE's stock gains after $4 billion in actions to strengthen balance sheet
2020-12-08,GE Announces $4 Billion of Actions to Further Solidify Financial Position
2020-12-07,"GE's stock surges again toward a 4-day win streak, after a record monthly rally in November"
2020-12-05,"Benzinga's Bulls And Bears Of The Week: Amazon, Apple, Ford, GE, Palantir And More"
2020-12-05,GE stock rises to 9-month high as BofA analyst gets a little more bullish
2020-12-04,Boeing Open To Stock Sale As 737 Max Deliveries Face Airline Uncertainty
2020-12-04,General Electric Analyst Lifts Price Target After Health Care Segment Update
2020-12-04,Dont Underestimate the Impact of Diem on Facebook Stock
2020-12-04,General Electric (GE) Arm Wins 1st Cypress Turbine Deal in Spain
2020-12-03,Top Wind Stocks for Q1 2021
2020-12-03,Boeing 737 Max Returns To Service Next Week; United Eyes First Delivery
2020-12-03,Boeing 737 Max Gets Biggest Order Since Grounding From Europe's Top Airline
2020-12-03,GE Competitor Siemens Healthineers Gets 2 Upgrades. Heres Why.
2020-12-03,Why General Electric Stock Soared 37% in November
2020-12-03,Americas Greenest Energy Giant Isnt Trying to Save the Planet
2020-12-02,Best Emerging-Market Bonds Are From Argentinas Junk-Rated MSU
2020-12-02,Vineyard Wind picks GE turbines for Massachusetts offshore wind farm
2020-12-02,What's Next For GE After The Stock's Best Month Ever?
2020-12-02,Analyzing General Electric's Unusual Options Activity
2020-12-01,Silicon Valley Veteran Michael Moe Plans Education-Tech SPAC
2020-12-01,Exxon Is Now the Thing It Wasn't Supposed to Be
