2021-01-06,Is Wyndham Hotels & Resorts (WH) Stock a Buy For 2021?
2021-01-06,Timeshare king Wyndham Destination buys Travel + Leisure for $100 million
2021-01-04,Extended Stay America Joins Stocks With Rising Relative Strength
2020-12-30,A Midcap Fund That Finds the Markets Sweet Spot
2020-12-28,Try These 6 Travel and Leisure Stocks to Play a Vaccine-Driven Rebound in Demand
2020-12-28,Wyndham Hotels CEO Talks of the Tough Slog for Lodging and His Firms Relative Resilience
2020-12-22,Would Shareholders Who Purchased Wyndham Hotels & Resorts' (NYSE:WH) Stock Year Be Happy With The Share price Today?
2020-12-21,Is WH A Good Stock To Buy According To Hedge Funds?
2020-12-16,"Wyndham Hotels & Resorts Completes Rollout of Mobile Check-in and Checkout to Nearly 6,000 Hotels in North America"
2020-12-15,Wyndham Hotels & Resorts Announces Departure of Chief Administrative Officer and Appointment of New Chief Human Resource Officer
2020-12-15,"Wyndham Debuts Super 8 Brand in UAE Alongside Wyndham Dubai Deira, Both Part of Deira Enrichment Project"
2020-12-10,20 Largest Hotel Chains In The World
2020-12-07,Top Hotel Stocks for Q1 2021
2020-11-25,Wyndham Grand to Reach New Heights with First Hotel in Australia
2020-11-20,"Covid-19 Vaccine Could Accelerate Resumption of Lodging Industry Dividends, Analyst Believes"
2020-11-19,Wyndham Hotels & Resorts Offers 25 Percent Off Ahead of Black Friday with Week-Long Mobile App Flash Sale
2020-11-18,Wyndham Hotels & Resorts Declares Quarterly Cash Dividend
2020-11-17,"Wyndham Grand Invites Families to ""Roam for the Holidays;"" Helps Keep Loved Ones Close with Debut of New ""Connection Concierge"""
2020-11-16,Lifestyle Hotel Brand TRYP by Wyndham Takes its Inaugural Trip to New Zealand
2020-11-09,Heres a Timeshare Pitch Thats Worth a Listen: The Investment Case for Marriott Vacations
2020-11-05,Is Wyndham Hotels Stock a Buy?
2020-11-03,"Were These Hedge Funds Right About Betting On Wyndham Hotels & Resorts, Inc. (WH)?"
2020-10-29,Wyndham Returns to Profit After Pandemic Hit. Credit Its Focus on Drive-To Hotels.
2020-10-29,Wyndhams 3Q Sales Plunge 40%; Street Says Buy
2020-10-29,"Wyndham Hotels & Resorts, Inc. to Host Earnings Call"
2020-10-28,Wyndham Hotels & Resorts Reports Third Quarter 2020 Results
2020-10-28,"At US$47.89, Is Wyndham Hotels & Resorts, Inc. (NYSE:WH) Worth Looking At Closely?"
2020-10-28,"Wyndham Rewards Awards Over 45,000 Essential Frontline Workers with a Free Night Stay"
2020-10-22,"Wyndham Honors Military Members with Special Savings, 1 Million Point Match"
2020-10-15,Wyndham Teams with Amperity to Elevate Global Marketing Capabilities
2020-10-09,USA Today Readers Name Wyndham Rewards Best Hotel Loyalty Program for a Third Consecutive Year
2020-10-08,"Wyndham Hotels & Resorts to Report Third Quarter 2020 Earnings on October 28, 2020"
2020-09-29,"Barclays and Wyndham Cater to Road Trippers and Road Warriors with New Wyndham Rewards Earner Cards, First Small Business Card"
2020-09-24,"Wyndham Goes High Impact, Low Contact with New Mobile App: Introduces Lightning Book and In-Stay Features with Drive-to Travel on the Rise"
2020-09-17,Intercontinental Hotels Getting Closer To Key Technical Measure
2020-09-13,Should You Be Impressed By Wyndham Hotels & Resorts' (NYSE:WH) Returns on Capital?
2020-09-10,"Hedge Funds Are Coming Back To Wyndham Hotels & Resorts, Inc. (WH)"
2020-08-21,Wyndham Is Well Positioned to Ride Out Covid. Investors Should Have Few Reservations.
2020-08-19,Wyndham Hotels & Resorts Declares Quarterly Cash Dividend
2020-08-11,Wyndham Championship Checks In at Sedgefield
2020-08-10,Wyndham Hotels & Resorts Announces Upsizing And Pricing Of Senior Notes Offering
2020-08-10,Wyndham Hotels & Resorts Announces Launch Of Senior Notes Offering
2020-08-04,Investors raise concerns about migrant workers' rights in Gulf
2020-08-04,Wyndham Looks to Drive Corporate Travel with Newly Expanded Wyndham Direct Program
2020-08-03,"China, Italy, and the U.S.  A Tale of 3 Hotel Industry Recoveries"
2020-07-29,Wyndham Plans to Woo Independent Hoteliers Closer to When the Bills Come Due
2020-07-28,Wyndham Hotels & Resorts Reports Second Quarter 2020 Results
2020-07-23,"Wyndham Hotels & Resorts Welcomes Travelers to Stay Two Nights, Get One Free"
2020-07-14,Microtel by Wyndham Showcases Innovative New Prototype with First Moda Opening
2020-07-13,"Did Hedge Funds Make The Right Call On Wyndham Hotels & Resorts, Inc. (WH)?"
2020-07-09,"Wyndham Hotels & Resorts To Report Second Quarter 2020 Earnings On July 28, 2020"
2020-07-08,Wyndham Sees Opportunity at the Top of the World With Plans to Open First Hotel in Nepal
2020-07-07,Wyndham Hotels to Open Its First Locations in Nepal and Bhutan
2020-07-07,"Wyndham Hotels & Resorts Unveils Plans to Enter Nepal and Bhutan, Introduces Hawthorn Suites by Wyndham Brand in India"
2020-07-01,Wyndham Hotels & Resorts Grows La Quinta by Wyndham Brand Internationally
2020-06-30,"Wyndham Rewards Eases Member Level Requirements,  Offers 2,000 Bonus Points with Every Qualified Stay"
2020-06-26,"Benzinga's Top Upgrades, Downgrades For June 26, 2020"
2020-06-25,Oyo Will Lay Off Most of Its Furloughed U.S. Employees
2020-06-25,Ramada by Wyndham to Expand in Spain with Two Upcoming Hotel Openings
2020-06-17,"Wyndham Hotels & Resorts Elevates Presence in Japan, Introduces Wyndham Grand and Wyndham Garden Brands"
2020-06-15,Wyndham Hotels & Resorts Opening Five New Ramada Hotels in China
2020-06-11,Is Wyndham Hotels Stock a Buy?
2020-06-09,Who Launches a Brand in the Worst Year Ever for Hotels?
2020-06-08,Hotels-Backed Online Search Platform Roomkey Suspends Operations
2020-06-08,"Wyndham Grows Soft-Branded Trademark Collection, Adds Value for Independent Hoteliers"
2020-06-05,"Wyndham Hotels & Resorts, Inc. (WH): Are Hedge Funds Right About This Stock?"
2020-06-01,Hilton Hall? Colleges Consider Hotels as Dormitories to Speed Up Return to Campus
2020-05-29,The COVID-19 Crisis Can Sink These 2 Travel Stocks
2020-05-26,Development Pipeline for New Hotels Throttles Ahead Remarkably to Record Highs  For Now
2020-05-24,Milan-Area Has Zero New Deaths; U.S. Cases Up 1.3%: Virus Update
2020-05-19,Wyndham Looks Ahead to Recovery with Continued New-Construction Growth
2020-05-15,U.S. funds rush to tech companies and battered energy stocks in Q1
2020-05-12,Wyndham Hotels & Resorts Declares Quarterly Cash Dividend
2020-05-06,Hotels turn to Fed for emergency loans as coronavirus slams industry
2020-05-06,Hotels eye Fed's Main Street loans as occupancy rates remain low
2020-05-05,"Wyndham Hotels & Resorts, Inc. (WH) Q1 2020 Earnings Call Transcript"
2020-05-05,Wyndhams Coronavirus Survival Strategy Is Signing Struggling Indie Hotels to Its Brand
2020-05-04,Wyndham Hotels (WH) Beats Q1 Earnings and Revenue Estimates
2020-05-04,Wyndham Hotels & Resorts Reports First Quarter 2020 Results
2020-05-04,"Wyndham Hotels & Resorts Launches New ""Count on Us"" Initiative to Build Confidence  Among Guests and to Support Franchisees as it Unveils Early Plans to Welcome Back Travelers"
2020-04-27,Earnings Preview: Wyndham Hotels (WH) Q1 Earnings Expected to Decline
2020-04-22,Wyndham Hotels & Resorts to Host its Annual Meeting of Stockholders in Virtual Format
2020-04-22,Here's a running list of CEO pay cuts during coronavirus crisis
2020-04-22,"Extended Stay Will Fare Better as Hotel Chains Struggle, Says Jefferies"
2020-04-16,Expect Hotels to Mimic the Airline Merger Playbook After the Last Recession
2020-04-16,Downtown's 22-story Wyndham hotel and Margaritaville project gets financing
2020-04-14,Wyndham Hotels & Resorts Honors Everyday Heroes on the Front Lines of COVID-19
2020-04-07,"The Zacks Analyst Blog Highlights: Kroger, American States Water Company, Public Storage, McDonald's and Wyndham Hotels & Resorts"
2020-04-07,Sedgefield plans new practice area to accommodate Wyndham Championship
2020-04-06,"Major change, but Wyndham Championship is still on"
2020-04-06,"First US Payroll Crash Since 2010: What's Hot, What's Not"
2020-04-06,"Wyndham Hotels & Resorts To Report First Quarter 2020 Earnings On May 4, 2020"
2020-04-03,Yahoo Finance Presents: Best Western CEO David Kong
2020-04-03,Best Western CEO on hotel industry: total devastation
2020-04-03,"Hotel Industry Faces Coronavirus Wrath, Will it Survive?"
2020-03-30,Wyndham Hotels Plans to Cut 270 Jobs to Counter Coronavirus Effects
2020-03-30,"Wyndham Hotels to cut jobs, lower salaries and reduce hours as part of cost-cutting measures"
2020-03-27,New Strong Sell Stocks for March 27th
2020-03-27,Triad resort elects to close temporarily
2020-03-26,"Are Hedge Funds Done Buying Wyndham Hotels & Resorts, Inc. (WH)?"
