2021-01-11,"Bed, Bath & Beyond: Higher Freight Costs Spoiled The Quarter"
2021-01-10,Bed Bath & Beyond Is Solidifying Its Comeback
2021-01-09,"Benzinga's First Bulls And Bears Of 2021: Ford, Mastercard, PepsiCo, 3M, Tesla And More"
2021-01-09,Self-care is helping retailers stay afloat
2021-01-08,Bed Bath & Beyond (BBBY) Down on Q3 Earnings & Sales Miss
2021-01-08,Bed Bath & Beyond 'seeing good early signs in January' despite disappointing quarter: CEO
2021-01-08,Bed Bath & Beyond Enters Into $150 Million Accelerated Stock Buyback Plan
2021-01-08,Is Bed Bath & Beyond (BBBY) Stock a Buy For 2021?
2021-01-08,Bed Bath & Beyond CEO on revamping the retail chain amid pandemic
2021-01-08,"Company News for Jan 8, 2021"
2021-01-08,Bed Bath & Beyond enters $150 million share repurchase agreement with JPMorgan
2021-01-08,"Forget Bed Bath & Beyond, Best Buy Is a Better Retail Stock"
2021-01-08,"Bed Bath & Beyond Charts Could Break Either Way, So Beware"
2021-01-07,These 2 Sectors Missed the Stock Market's Thursday Rally: Should You Worry?
2021-01-07,Bed Bath & Beyond (BBBY) Q3 2020 Earnings Call Transcript
2021-01-07,Why Bed Bath & Beyond Stock Was Falling Today
2021-01-07,Should You Buy Bed Bath & Beyond After Its Earnings Dip?
2021-01-07,Bed Bath & Beyond Shares Slump After Disappointing Q3 Earnings
2021-01-07,Bed Bath & Beyond Stock Takes a Hit After Downbeat Earnings Report and Outlook
2021-01-07,"Plug Power, Bed Bath & Beyond, Walgreens, Twitter - Thursday's Premarket Movers"
2021-01-07,Bed Bath & Beyond (BBBY) Lags Q3 Earnings and Revenue Estimates
2021-01-07,Recap: Bed Bath & Beyond Q3 Earnings
2021-01-07,Bed Bath & Beyond shares slide 10% premarket after earnings fall short of estimates
2021-01-07,Five Retailers to Buy as the Economy Reopens
2021-01-07,Bed Bath & Beyond Inc. Delivers Second Consecutive Quarter Of Comparable Sales And Profit Growth
2021-01-07,"Bed Bath & Beyond, Inc. to Host Earnings Call"
2021-01-06,Bed Bath & Beyond Earnings Preview
2021-01-05,Bed Bath & Beyond Inc. Appoints Retail And Brand Veteran Patty Wu As General Manager Of buybuy BABY
2021-01-05,Why The Year Ahead Looks Promising For Bed Bath & Beyond
2021-01-05,Is Bed Bath & Beyond Stock a Buy?
2021-01-04,Why Bed Bath & Beyond (BBBY) Might Surprise This Earnings Season
2021-01-04,Lamb Weston (LW) to Report Q2 Earnings: What's in the Offing?
2021-01-04,Conagra (CAG) to Report Q2 Earnings: What's in the Offing?
2021-01-04,Helen of Troy (HELE) to Report Q3 Earnings: What's in Store?
2021-01-02,A Look At The Fair Value Of Bed Bath & Beyond Inc. (NASDAQ:BBBY)
2020-12-31,Bed Bath & Beyond (BBBY) Reports Next Week: Wall Street Expects Earnings Growth
2020-12-31,Bed Bath & Beyond (BBBY) to Post Q3 Earnings: What's in Store?
2020-12-28,"Holiday Sales Advance 3%, Online Shopping Gains Precedence"
2020-12-26,"Finally, Some Good News for Bed Bath & Beyond Stock"
2020-12-24,"Zacks.com featured highlights include: Macy's, BBBY, ABM, BG and PLCE"
2020-12-23,5 Stocks to Watch Out for Following Upgrade by Analysts
2020-12-21,Is BBBY A Good Stock To Buy According To Hedge Funds?
2020-12-21,4 Retail Stocks That Could Get the Biggest Stimulus Boost
2020-12-21,Bed Bath & Beyond Strips Down to Its Essentials -- Is Now the Time to Buy?
2020-12-21,Why Bed Bath & Beyond (BBBY) Stock Might be a Great Pick
2020-12-18,PayPal Stock Still Has a Long Way to Run
2020-12-17,November Retail Sales Spiral Down: Here's What You Should Know
2020-12-17,UBS-Barclays Commercial Mortgage Trust 2012-C2 -- Moody's affirms three and downgrades nine classes of UBS-Barclays 2012-C2
2020-12-17,Bed Bath & Beyond Completes Asset Sales With Cost Plus World Market Deal
2020-12-15,Bed Bath & Beyond Has Formed a New Base
2020-12-15,"Bed Bath & Beyond Sells Cost Plus World Market, Buys Back More Stock"
2020-12-15,"Bed Bath & Beyond (BBBY) Divestitures on Track, Sells Cost Plus"
2020-12-14,"Bed Bath & Beyond Selling Cost Plus World Market, Increasing Share Repurchase Program"
2020-12-14,UBS-Barclays Commercial Mortgage Trust 2012-C2 -- Moody's affirms three and downgrades nine classes of UBS-Barclays 2012-C2
2020-12-14,Bed Bath & Beyond sells Cost Plus World Market
2020-12-14,Bed Bath & Beyond Inc. Continues Fast-Paced Transformation With Definitive Agreement To Sell Cost Plus World Market
2020-12-11,Unusual Options Activity Insight: Bed Bath & Beyond
2020-12-11,Bed Bath & Beyond® And buybuy BABY® To Help Customers Beat The Holiday Rush With Free Same Day Delivery
2020-12-11,How 2020 Turned the Store Inside Out
2020-12-08,Morgan Stanley Bank of America Merrill Lynch Trust 2012-C5 -- Moody's affirms twelve and downgrades two classes of MSBAM 2012-C5
2020-12-07,Morgan Stanley Bank of America Merrill Lynch Trust 2015-C22 -- Moody's affirms six classes of MSBAM 2015-C22
2020-12-07,Morgan Stanley BofA Merrill Lynch Tr 2015-C22 -- Moody's affirms six classes of MSBAM 2015-C22
2020-12-07,"Bed Bath & Beyond Inc. To Announce Fiscal 2020 Third Quarter Earnings Results On January 7, 2021"
2020-12-02,2 Nasdaq Stocks Investors Love to Bet Against
2020-12-01,Unusual Options Activity Insight: Bed Bath & Beyond
2020-11-30,Lookback: Miller Value Partners 2019 Bed Bath & Beyond (BBBY) Thesis
2020-11-30,Shopping without technology is not relevant for the future: Shipt CEO
2020-11-30,Bed Bath & Beyond Inc. Hires Retail Veteran John Welling To Lead Merchandise Planning Team
2020-11-30,People Are Still Spending Less on Entertainment. These Stay-at-Home Stocks Will Benefit.
2020-11-24,"Merry, Bright And New: Bed Bath & Beyond® 'Holiday Traditions At Home' Study Reveals This Holiday Season Will Be A Season Of Firsts For Many Families"
2020-11-23,3 Stocks Peter Lynch Would Love
2020-11-23,"Did You Acquire (BBBY) Before October 2, 2019?  Johnson Fistel Investigates Bed Bath & Beyond; Should Management be Held Accountable for Investors Losses?"
2020-11-20,"BED BATH & BEYOND INVESTIGATION INITIATED BY FORMER LOUISIANA ATTORNEY GENERAL:  Kahn Swick & Foti, LLC Investigates the Officers and Directors of Bed Bath & Beyond Inc. - BBBY"
2020-11-18,Target Crammed a Years Worth of Growth Into a Quarter
2020-11-16,Bed Bath & Beyond (BBBY) Divests Underperforming Assets
2020-11-13,Stay at home stocks 'may not have that much more room to grow': WealthWise Financial CEO
2020-11-13,"DoorDash Is Trouncing Its Rivals, and Thats Just the Start"
2020-11-12,"Bed Bath & Beyond Completes Sale Of Christmas Tree Shops, Linen Holdings And Distribution Center In Florence, NJ"
2020-11-12,Bed Bath & Beyond® Unveils New Cozy Backyard Holiday Collection To Help Customers Celebrate Traditions With A Twist This Winter
2020-11-10,Were Hedge Funds Right About Loading Up On Bed Bath & Beyond Inc. (BBBY)?
2020-11-09,Are Investors Undervaluing Bed Bath & Beyond (BBBY) Right Now?
2020-11-09,Bed Bath & Beyond® Gives Shoppers More Days And More Ways To Save This Holiday So They Have Time To 'Enjoy The Present'
2020-11-08,3 Top Retail Stocks to Watch In November
2020-11-06,"BED BATH & BEYOND INVESTIGATION INITIATED by Former Louisiana Attorney General: Kahn Swick & Foti, LLC Investigates the Officers and Directors of Bed Bath & Beyond Inc. - BBBY"
2020-11-05,Rating Upgrade by Brokers Puts These 5 Stocks in Focus
2020-11-04,"Zacks.com featured highlights include: Pilgrim's Pride, Bed Bath & Beyond, Owens Corning, Arthur J. Gallagher & Co. and Valmont Industries"
2020-11-04,Bed Bath & Beyond Unveils Its Turnaround Strategy
2020-11-03,COVID-19 economy: America's furniture-buying binge rages on
2020-11-03,Bed Bath & Beyond Crashed 22% Lower Last Week. Is Now the Time to Buy?
2020-11-02,Bed Bath & Beyond: A Home Makeover Show Worth Watching
2020-10-31,Why Is Bed Bath & Beyond (BBBY) Up 5.6% Since Last Earnings Report?
2020-10-30,Automatic Data Processing Stock Looks Like a Winner
2020-10-30,Top Ranked Momentum Stocks to Buy for October 30th
2020-10-29,Bed Bath & Beyond Analyst Drops Bear Thesis On Retailer's Improved Outlook
2020-10-29,"Bed Bath & Beyond has laid out its transformation plan, now analysts are focused on execution"
2020-10-29,Bed Bath & Beyond CEO: Our future is now
2020-10-29,Bed Bath & Beyond CEO: 'Every age group and demographic' are relying on 'ease and convenience through digital'
2020-10-29,"Benzinga's Top Upgrades, Downgrades For October 29, 2020"
2020-10-29,Bed Bath & Beyond Needs to Form a New Base Pattern
2020-10-29,Bed Bath & Beyond Down 12% As 3-Year Plan Fails To Impress Investors
