2020-12-29,Here's Why You Should Hold On to Signature Bank (SBNY) Stock Now
2020-12-23,Is SBNY A Good Stock To Buy Now?
2020-12-17,Signature Bank Completes $730 Million Preferred Stock Offering
2020-12-17,Signature Bank Expands Executive Management Team With Appointment of Two Executives
2020-12-11,"Signature Bank (SBNY) Ratings Affirmed by Moody's, Outlook Down"
2020-12-10,Signature Bank -- Moody's affirms Signature Bank's ratings and changes outlook to negative; assigns Ba1(hyb) to preferred stock
2020-12-10,Signature Bank Prices $700 Million Preferred Stock Offering
2020-12-10,Signature Bank Announces Preferred Stock Offering
2020-12-03,Signature Bank to Participate in the Goldman Sachs US Financial Services Virtual Conference 2020
2020-11-19,Why Is Signature Bank (SBNY) Up 28.4% Since Last Earnings Report?
2020-11-05,Signature Bank to Participate in the BofA Securities Future of Financials 2020 Virtual Conference
2020-10-29,Analyzing Signature Bank's Ex-Dividend Date
2020-10-25,Here's What We Like About Signature Bank's (NASDAQ:SBNY) Upcoming Dividend
2020-10-21,Signature Bank's (SBNY) Shares Down 3.3% on Q3 Earnings Miss
2020-10-20,Signature Bank (SBNY) Q3 2020 Earnings Call Transcript
2020-10-20,Signature Bank (SBNY) Misses Q3 Earnings and Revenue Estimates
2020-10-20,Recap: Signature Bank Q3 Earnings
2020-10-20,Signature Bank Reports 2020 Third Quarter Results
2020-10-15,Signature Bank to Host 2020 Third Quarter Results Conference Call
2020-10-08,Signature Bank (SBNY) Earnings Expected to Grow: Should You Buy?
2020-10-06,Signature Bank Announces Issuance of Subordinated Notes
2020-10-05,Signature Bank -- Moody's rates Signature Bank's subordinated debt Baa2
2020-10-01,Signature Bank Announces Pricing of Subordinated Notes
2020-10-01,Signature Bank Announces Offering of Subordinated Notes
2020-09-29,Do Hedge Funds Really Like Signature Bank (SBNY)?
2020-09-28,"Signature Bank Named Number One in Three Categories of New York Law Journals 11th Annual ""Best Of"" Survey"
2020-09-24,Signature Bank Provides Status Update on Positive Loan Deferral Trends
2020-09-24,NYC Commercial Property Crisis Signals Hazards for Local Banks
2020-08-20,Why Is Signature Bank (SBNY) Down 6.6% Since Last Earnings Report?
2020-08-20,2 Banking Companies On My Radar
2020-08-04,Did Hedge Funds Make The Right Call On Signature Bank (SBNY) ?
2020-07-26,"Signature Bank (NASDAQ:SBNY) Looks Like A Good Stock, And It's Going Ex-Dividend Soon"
2020-07-22,Signature Bank (SBNY) Stock Up 7.5% Despite Q2 Earnings Miss
2020-07-21,Signature Bank (SBNY) Q2 2020 Earnings Call Transcript
2020-07-21,A Look Into Signature Bank's Price Over Earnings
2020-07-21,Signature Bank (SBNY) Misses Q2 Earnings Estimates
2020-07-21,Signature Bank Reports 2020 Second Quarter Results
2020-07-16,"TMC Community Capital Launches Grant Program with Support from Signature Bank and TMC Financing, Allowing Bay Area and Los Angeles Residents to Nominate Local Businesses as Potential Recipients"
2020-07-15,Signature Bank to Host 2020 Second Quarter Results Conference Call
2020-07-09,Earnings Preview: Signature Bank (SBNY) Q2 Earnings Expected to Decline
2020-07-08,Signature Bank Expands West Coast Operations With Appointment of Executive Director and 45 Professionals Spanning 15 Private Client Banking Teams
2020-06-25,Signature Bank (SBNY) Launches a Digital Payment Platform
2020-06-23,Hedge Funds Getting Out Of Signature Bank (SBNY)
2020-06-23,"Signature Bank Launches Its Digital Payments Platform, Signet, on the Fireblocks Network"
2020-06-11,Mayor de Blasio Announces Donation From Signature Bank to Small Business Emergency Grant Program
2020-06-11,Edited Transcript of SBNY earnings conference call or presentation 23-Apr-20 2:00pm GMT
2020-06-03,Signature Bank to Present at the 2020 Morgan Stanley Virtual Financials Conference
2020-05-23,Why Is Signature Bank (SBNY) Up 6.1% Since Last Earnings Report?
2020-05-15,Fairfax Financial Sells Johnson & Johnson
2020-04-27,Signature Bank Just Missed Earnings And Its EPS Looked Sad - But Analysts Have Updated Their Models
2020-04-24,Signature Bank (SBNY) Q1 Earnings Miss on Higher Provisions
2020-04-23,Signature Bank: Q1 Earnings Insights
2020-04-23,Does Signature Bank (NASDAQ:SBNY) Have A Place In Your Dividend Portfolio?
2020-04-23,"Signature Bank (New York, New York) to Host Earnings Call"
2020-04-23,Signature Bank (SBNY) Lags Q1 Earnings Estimates
2020-04-23,Signature Bank Reports 2020 First Quarter Results
2020-04-16,Analysts Estimate Signature Bank (SBNY) to Report a Decline in Earnings: What to Look Out for
2020-04-14,Signature Bank to Host 2020 First Quarter Results Conference Call
2020-04-08,Earnings Preview: Signature Bank (SBNY) Q1 Earnings Expected to Decline
2020-03-24,"How Does Signature Bank's (NASDAQ:SBNY) P/E Compare To Its Industry, After The Share Price Drop?"
2020-03-23,Hedge Funds Were Dumping Signature Bank (SBNY) Before The Coronavirus
2020-03-17,Signature Bank Just Released Its Annual Results And Analysts Are Updating Their Estimates
2020-03-13,Signature Bank Announces Availability of Materials for 2020 Annual Shareholders Meeting
2020-03-10,"How Does Signature Bank's (NASDAQ:SBNY) P/E Compare To Its Industry, After The Share Price Drop?"
2020-03-02,"Signature Bank Ranked #2 in the U.S. in Three Categories of The National Law Journals ""Best of"" Survey for Second Consecutive Year"
2020-02-25,Should We Worry About Signature Bank's (NASDAQ:SBNY) P/E Ratio?
2020-02-20,Why Is Signature Bank (SBNY) Up 0.3% Since Last Earnings Report?
2020-02-19,"Signature Bank Gets Ratings From Moody's, Outlook Stable"
2020-02-18,Signature Bank -- Moody's assigns first-time A2/Prime-1 deposit ratings to Signature Bank; outlook stable
2020-02-06,Lenders are getting a barrage of questions about likely fallout from tighter New York rent caps
2020-01-30,5 Guru Stocks Boosting Book Value
2020-01-25,Be Sure To Check Out Signature Bank (NASDAQ:SBNY) Before It Goes Ex-Dividend
2020-01-24,Earnings Update: Here's Why Analysts Just Lifted Their Signature Bank Price Target To US$160
2020-01-23,"M&amp;T Bank (MTB) Q4 Earnings Beat Estimates, Expenses Rise"
2020-01-23,Edited Transcript of SBNY earnings conference call or presentation 21-Jan-20 3:00pm GMT
2020-01-22,You can bring your skis to this Bay Area tech bank's new downtown Denver office
2020-01-22,"Signature Bank's (SBNY) Q4 Earnings Top Estimates, Stock Up"
2020-01-22,What Is Signature Bank's (NASDAQ:SBNY) Share Price Doing?
2020-01-21,Signature Bank Reports 2019 Fourth Quarter and Year-end Results
2020-01-17,Signature Bank Supports H.R. 5617 to Provide Taxi Medallion Owners Relief From Impending Income Tax Consequences
2020-01-16,"Jerome Dodson Exits Signature Bank, Trims Alphabet"
2020-01-14,Signature Bank to Host 2019 Fourth Quarter and Year-end Results Conference Call
2020-01-12,A Big Week Ahead for Financial Sector ETFs
2020-01-09,Earnings Preview: Signature Bank (SBNY) Q4 Earnings Expected to Decline
2020-01-06,Signature Bank and Prime Trust to Align Their Respective Technologies to Better Serve the Institutional Blockchain Industry
2019-12-26,Hedge Fund Consensus Stocks vs. Signature Bank (SBNY) In 2019
2019-12-03,Signature Bank to Participate in the Goldman Sachs US Financial Services Conference 2019
2019-12-02,Is Signature Bank (SBNY) A Good Stock To Buy?
2019-11-19,Signature Bank Recipient of Cignas 2019 Well-Being Award for Fifth Consecutive Year
2019-11-19,Signature Bank Poised to Grow Organically: Should You Hold?
2019-11-16,Signature Bank (SBNY) Up 2.5% Since Last Earnings Report: Can It Continue?
2019-11-11,Edited Transcript of SBNY earnings conference call or presentation 17-Oct-19 2:00pm GMT
2019-11-01,Signature Bank Announces Issuance of Subordinated Notes
2019-10-29,Signature Bank to Participate in the Bank of America Merrill Lynch Future of Financials 2019 Conference
2019-10-25,"The Parnassus Fund Exits Cognizant, Cuts Alliance Data Systems"
2019-10-22,Signature Bank Announces Offering of Subordinated Notes
2019-10-22,"Fifth Third (FITB) Q3 Earnings Top Estimates, Revenues Rise"
2019-10-18,"Signature Bank's (SBNY) Q3 Earnings Top Estimates, Stock Up"
2019-10-17,Signature Bank (SBNY) Q3 Earnings Beat Estimates
2019-10-17,Signature Bank Reports 2019 Third Quarter Results
