2021-01-11,Sanofi (SNY) to Acquire Kymab to Boost Immunology Presence
2021-01-11,"The Zacks Analyst Blog Highlights: Coca-Cola, Merck, Royal Dutch Shell, Gilead Sciences and FedEx"
2021-01-09,15 Best Dividend Stocks with Upside Potential
2021-01-08,Merck (MRK) Stock Sinks As Market Gains: What You Should Know
2021-01-08,"Top Analyst Reports for Coca-Cola, Merck & Royal Dutch Shell"
2021-01-08,3 Low Forward Price-Earnings Ratio Stock Picks
2021-01-08,Merck to Hold Fourth-Quarter and Full-Year 2020 Sales and Earnings Conference Call on February 4
2021-01-08,"How Many Merck & Co., Inc. (NYSE:MRK) Shares Do Institutions Own?"
2021-01-07,Dow Jones Jumps 600 Points: Bet on 4 Momentum Stocks to Win Big
2021-01-05,Roche's (RHHBY) Immunotherapy Gets Breakthrough Therapy Status
2021-01-05,"Merck Stock Is Deeply Undervalued, Says Citi. It Could Surge in 2021."
2021-01-05,"Got $1,000? These 2 Top Stocks Can Make You Rich"
2021-01-04,Merck to Present at the 39th Annual J.P. Morgan Healthcare Conference
2021-01-01,Barrons Best Income Investments for 2021
2021-01-01,Merck Is One of Barrons Top Stock Picks for the New Year. Heres Why.
2020-12-31,Tight Race For Worst Dow Jones Stock Of 2020 Came Down To Last Day
2020-12-31,Seagen Earns Top Honors From Key Biotech Publication
2020-12-31,6 Cannabis Stocks to Buy as the U.S. Softens Its Stance
2020-12-30,Merck Had a Disappointing 2020. Why Its Strategy Could Pay Off in 2021.
2020-12-29,AstraZeneca's (AZN) Lynparza Approved in Japan for 3 Cancers
2020-12-29,"As the Sun Sets on 2020, These 5 Stocks Are My Highest-Conviction Holdings"
2020-12-28,Merck and AstraZeneca's Cancer Drug Wins 3 New Approvals in Japan
2020-12-28,LYNPARZA® (olaparib) Receives Three New Approvals in Japan
2020-12-24,Merck (MRK) to Supply Coronavirus Treatment to U.S. Government
2020-12-24,Meet Moderna's Most Likely Blockbusters After Its COVID Vaccine
2020-12-23,US STOCKS-Wall Street ends higher as investors bet on recovery
2020-12-23,US STOCKS-Wall Street gains on recovery bets
2020-12-23,Why Pfizer Stock Deserves a Spot In Your Portfolio
2020-12-23,"COVID News Flow: Pfizer-BioNTech's US Vaccine Supply Deal, Merck Strikes $356M Contract, Sorrento Files For EUA Of Rapid Test"
2020-12-23,"US STOCKS-Nasdaq lags S&P, Dow as big tech weighs"
2020-12-23,Pfizer to Supply U.S. With 100 Million More Vaccine Doses
2020-12-23,"US STOCKS-S&P, Dow rise as weekly jobless claims dip; Nasdaq retreats"
2020-12-23,Merck Reaches $350 Million COVID Therapy Deal Under Operation Warp Speed
2020-12-23,US STOCKS-Wall St set to edge higher as weekly jobless claims improve
2020-12-23,"Dow Jones, Futures Inch Up As Trump Balks At Coronavirus Bill; Clean Energy Rally Continues; Merck Rises On Covid Treatment"
2020-12-23,"The Daily Biotech Pulse: Supernus Issues Positive ADHD Readout, Sorrento Files For Emergency Use Authorization For Rapid COVID-19 Test, Inhibikase To Make Wall Street Debut"
2020-12-23,Merck signs $356 million deal with U.S. government for experimental COVID-19 therapy
2020-12-23,Merck's Debt Overview
2020-12-23,Merck Announces Supply Agreement with U.S. Government for Initial Doses of Investigational Biological Therapy for the Treatment of Patients with Severe and Critical COVID-19
2020-12-22,Merck (MRK) Gains As Market Dips: What You Should Know
2020-12-22,3 Large Drugmakers Set to Rule the Sector in 2021
2020-12-19,Top 10 Stocks To Buy Now According To Secretive Billionaire Quant Hedge Fund Manager
2020-12-18,908 Devices Stock More Than Doubles in Market Debut
2020-12-18,Merck (MRK) Gets FDA's Priority Review for Another Keytruda sBLA
2020-12-18,IWH UK Midco Limited -- Moody's downgrades IWH UK Finco Limited's ('Theramex') ratings to B3; changes outlook to stable from negative
2020-12-18,"Pharma Stock Roundup: FDA Emergency Nod to PFE/BNTX COVID-19 Vaccine, AZN to Buy ALXN"
2020-12-17,FDA Grants Priority Review to Mercks Supplemental Biologics License Application for KEYTRUDA® (pembrolizumab) Plus Chemotherapy as First-Line Treatment for Locally Advanced Unresectable or Metastatic Esophageal and Gastroesophageal Junction Cancer
2020-12-16,Merck (MRK) Stock Sinks As Market Gains: What You Should Know
2020-12-16,"KEYTRUDA® (pembrolizumab) Plus LENVIMA® (lenvatinib) Combination Demonstrated Statistically Significant Improvement in Overall Survival, Progression-Free Survival and Objective Response Rate Versus Chemotherapy in Patients With Advanced..."
2020-12-15,"Merck Sharp & Dohme Corp. -- Moody's announces completion of a periodic review of ratings of Merck & Co., Inc."
2020-12-14,Here's Why Merck Made a Mistake by Selling Its Moderna Stake
2020-12-14,Merck (MRK) Keytruda Gets CHMP Nod for First-Line Colon Cancer
2020-12-13,Why Did This Big Investor Sell Its Moderna Stock?
2020-12-11,Merck Receives Positive EU CHMP Opinion for KEYTRUDA® (pembrolizumab) as First-Line Treatment in Adult Patients With Metastatic Microsatellite Instability-High (MSI-H) or Mismatch Repair Deficient (dMMR) Colorectal Cancer
2020-12-10,Merck (MRK) Dips More Than Broader Markets: What You Should Know
2020-12-09,Pfizer (PFE) Pneumococcal Vaccine BLA Gets FDA's Priority Tag
2020-12-09,"Four Days Left To Buy Merck & Co., Inc. (NYSE:MRK) Before The Ex-Dividend Date"
2020-12-08,Aligos (ALGS) Inks Collaboration With Merck for NASH Therapy
2020-12-06,Analysis: Motivating Factors Behind Pfizers Big Split
2020-12-05,Here's Why Biotech Deals Are All the Rage Right Now
2020-12-04,9 Best Stocks to Buy for the Santa Claus Rally
2020-12-03,Warren Buffetts Woodstock for Capitalists Going Virtual Again in 2021
2020-12-03,Merck Just Sold Off Its Moderna Shares for a Huge Gain. Should You?
2020-12-02,Pfizer Jumps After Nabbing First-Ever Coronavirus Vaccine Approval
2020-12-02,Merck Cashes Out Direct Investment In Moderna After 600% Year-To-Date Stock Gain
2020-12-02,"ADP Reports 307K New Jobs, Revisions Up"
2020-12-02,Merck Sells Stake in Moderna as Vaccine Gets FDA Review
2020-12-02,Moderna Stock Dips After Merck Announces It Sold Its Stake
2020-12-02,Merck Sells Equity Stake in Moderna Following Record Gains For Coronavirus Vaccine Maker
2020-12-02,Drugmaker Merck divests stake in vaccine-maker Moderna
2020-11-30,Is Merck (MRK) A Good Stock To Buy Now?
2020-11-30,Merck to Present at the 2020 Evercore ISI 3rd Annual HealthCONx Virtual Conference
2020-11-30,TNXP: Animal Data for SARS-CoV-2 Vaccine Candidate Shows Robust Immune Response
2020-11-27,Top 3rd-Quarter Buys of Steven Cohen's Firm
2020-11-27,"Pharma Stock Roundup: AZN COVID-19 Vaccine Interim Data, PFE Emergency Use Appeal"
2020-11-26,3 Cheap Stocks to Buy Before the Economy Makes a Full Recovery
2020-11-25,"9 Stocks Seen Propelling Dow To 31,662"
2020-11-24,Merck Sales Hit Hardest by Pandemic
2020-11-24,Heres the 8th Most Popular Stock Among Hedge Funds
2020-11-24,Be Like Buffett and Wager on Pfizer. Heres How to Do It With Options.
2020-11-24,Is Merck & Co (MRK) a Good Value Investor Stock Right Now?
2020-11-24,Morning Bell With Jim Cramer: Reviewing the Merck Acquisition
2020-11-24,"Merck (MRK) to Buy OncoImmune, Add Late-Stage COVID-19 Treatment"
2020-11-24,I Ran A Stock Scan For Earnings Growth And Merck (NYSE:MRK) Passed With Ease
2020-11-23,A Trio of Stocks for Growth-Focused Investors
2020-11-23,A successful Ebola vaccine delivery shows how a Covid-19 vaccine would work in Africa
2020-11-23,Merck To Buy Late-Stage COVID-19 Treatment Company OncoImmune For $425M In Cash
2020-11-23,Coronavirus update: FDA OKs Regeneron antibody EUA; AstraZeneca shows positive vaccine results
2020-11-23,"Dow Jones Today, Stocks Open Higher; Merck, Regeneron Jump On Covid News; Tesla Nails A Breakout"
2020-11-23,Merck Pays $425 Million For Oncolmmune And Its Developing COVID Therapy
2020-11-23,Merck Animal Health Survey Reveals First-Time Dog Owners Need Support
2020-11-23,"Merck Submits Applications for Licensure of V114, the Companys Investigational 15-valent Pneumococcal Conjugate Vaccine, for Use in Adults to the U.S. FDA and European Medicines Agency"
2020-11-23,Merck to Acquire OncoImmune
2020-11-23,Merck adds experimental COVID-19 therapy with OncoImmune deal
2020-11-22,These 5 stocks will profit  from the dollars continuing decline
2020-11-21,Nike and 6 Other Companies That Raised Their Dividend This Week
2020-11-20,"Pharma Stock Roundup: PFE COVID-19 Vaccine Final Analysis, FDA Updates & More"
2020-11-18,Merck: Keytruda Growth Remains Strong
2020-11-18,15 Largest Biotech Companies in the World
2020-11-17,Merck Announces First-Quarter 2021 Dividend
