2021-01-07,Kala Pharmaceuticals Announces Availability of EYSUVISTM for the Treatment of Dry Eye Disease and Provides Update on Development Pipeline
2021-01-04,Kala Pharmaceuticals to Present at Upcoming Investor Conferences in January
2020-12-27,Investors Who Bought Kala Pharmaceuticals (NASDAQ:KALA) Shares A Year Ago Are Now Up 105%
2020-12-18,Kala Pharmaceuticals Reports Inducement Grant Under NASDAQ Listing Rule 5635(c)(4)
2020-12-16,Is KALA A Good Stock To Buy Now?
2020-11-27,Kala Pharmaceuticals (NASDAQ:KALA) Has Debt But No Earnings; Should You Worry?
2020-11-18,Kala Pharmaceuticals Reports Inducement Grant Under NASDAQ Listing Rule 5635(c)(4)
2020-11-16,Kala Pharmaceuticals Provides Update on Launch Plans for EYSUVISTM for the Treatment of Dry Eye Disease
2020-11-11,Kala Pharmaceuticals to Present at the Jefferies 2020 Virtual London Healthcare Conference
2020-11-05,"Kala Pharmaceuticals (KALA) Reports Q3 Loss, Tops Revenue Estimates"
2020-11-05,Kala Pharmaceuticals Reports Third Quarter 2020 Financial Results and Provides Corporate Update
2020-11-05,"Kala Pharmaceuticals, Inc. to Host Earnings Call"
2020-10-29,Kala Pharmaceuticals Got Its FDA Approval: Whats Next for the Stock
2020-10-29,Kala Pharmaceuticals (KALA) Expected to Beat Earnings Estimates: Can the Stock Move Higher?
2020-10-29,Kala Pharmaceuticals to Report Third Quarter 2020 Financial Results and Host Conference Call
2020-10-28,"Biotech Stock Roundup: GILD's Veklury Approved, NVAX Provides Vaccine Update & More"
2020-10-28,"Analysts Just Made A Major Revision To Their Kala Pharmaceuticals, Inc. (NASDAQ:KALA) Revenue Forecasts"
2020-10-27,Why Kala Pharmaceuticals Stock Sank Today
2020-10-27,Kala Pharma Tumbles Despite FDA Approval of Dry Eye Drug
2020-10-27,Kala Pharmaceuticals Announces FDA Approval of EYSUVIS for the Short-Term Treatment of the Signs and Symptoms of Dry Eye Disease
2020-10-19,Kala Pharmaceuticals Reports Inducement Grant Under NASDAQ Listing Rule 5635(c)(4)
2020-10-15,"Hedge Funds Are Piling Into Kala Pharmaceuticals, Inc. (KALA)"
2020-10-08,Is the Options Market Predicting a Spike in Kala Pharmaceuticals (KALA) Stock?
2020-10-06,Kala Pharmaceuticals (KALA) Looks Good: Stock Adds 6% in Session
2020-10-05,3 Strong Buy Healthcare Stocks With Major Catalysts Approaching
2020-09-30,"What Kind Of Investors Own Most Of Kala Pharmaceuticals, Inc. (NASDAQ:KALA)?"
2020-09-18,Kala Pharmaceuticals Reports Inducement Grant Under NASDAQ Listing Rule 5635(c)(4)
2020-09-10,Kala Pharmaceuticals to Host Key Opinion Leader Symposium on Unmet Need in Dry Eye Disease and Potential for EYSUVIS
2020-09-08,Kala Pharmaceuticals to Present at Upcoming Investor Conferences in September
2020-08-27,"Have Insiders Been Buying Kala Pharmaceuticals, Inc. (NASDAQ:KALA) Shares?"
2020-08-07,"Did Hedge Funds Make The Right Call On Kala Pharmaceuticals, Inc. (KALA)?"
2020-08-06,"Kala Pharmaceuticals (KALA) Reports Q2 Loss, Tops Revenue Estimates"
2020-08-06,Kala Pharmaceuticals Reports Second Quarter 2020 Financial Results and Provides Corporate Update
2020-08-04,Kala Pharmaceuticals to Present at 2020 Wedbush PacGrow Healthcare Virtual Conference
2020-07-30,Kala Pharmaceuticals to Report Second Quarter 2020 Financial Results and Host Conference Call
2020-07-28,How Much is Kala Pharmaceuticals' (NASDAQ:KALA) CEO Getting Paid?
2020-07-28,Kala Pharmaceuticals (KALA) May Report Negative Earnings: Know the Trend Ahead of Q2 Release
2020-07-17,Kala Pharmaceuticals Reports Inducement Grant Under NASDAQ Listing Rule 5635(c)(4)
2020-06-23,"Hedge Funds Have Never Been This Bullish On Kala Pharmaceuticals, Inc. (KALA)"
2020-06-10,Kala Pharmaceuticals Announces Virtual-Only Format for 2020 Annual Meeting of Stockholders
2020-06-05,Is Kala Pharmaceuticals (KALA) Stock Outpacing Its Medical Peers This Year?
2020-06-02,JPMorgan: 2 Stocks to Buy for At Least 40% Upside Potential (And 1 to Avoid)
2020-05-28,"Need To Know: Analysts Are Much More Bullish On Kala Pharmaceuticals, Inc. (NASDAQ:KALA) Revenues"
2020-05-27,Kala Pharmaceuticals to Present at Jefferies Virtual Healthcare Conference
2020-05-26,Top Ranked Momentum Stocks to Buy for May 26th
2020-05-26,Kala Pharmaceuticals Announces FDA Acceptance of New Drug Application for EYSUVIS for Dry Eye Disease
2020-05-19,Has Kala Pharmaceuticals (KALA) Outpaced Other Medical Stocks This Year?
2020-05-09,"Kala Pharmaceuticals, Inc. (KALA) Q1 2020 Earnings Call Transcript"
2020-05-07,"Kala Pharmaceuticals (KALA) Reports Q1 Loss, Misses Revenue Estimates"
2020-05-07,Kala Pharmaceuticals: Q1 Earnings Insights
2020-05-07,Kala Pharmaceuticals Reports First Quarter 2020 Financial Results and Provides Corporate Update
2020-05-06,Kala Pharmaceuticals to Present at BofA Securities 2020 Health Care Conference
2020-05-05,Kala Pharmaceuticals (KALA) Is Up 2.56% in One Week: What You Should Know
2020-05-05,"Kala Pharmaceuticals' Shares March Higher, Can It Continue?"
2020-05-04,Kala Pharmaceuticals Resubmits New Drug Application for EYSUVIS for Dry Eye Disease
2020-05-01,Is Kala Pharmaceuticals (KALA) Stock Outpacing Its Medical Peers This Year?
2020-04-30,Kala Pharmaceuticals to Report First Quarter 2020 Financial Results and Host Conference Call
2020-04-17,Kala Pharmaceuticals Reports Inducement Grant Under NASDAQ Listing Rule 5635(c)(4)
2020-04-16,Here's Why Momentum Investors Will Love Kala Pharmaceuticals (KALA)
2020-04-08,"The Zacks Analyst Blog Highlights: DHT, Summit Therapeutics, Sharps Compliance, Frontline and Kala Pharmaceuticals"
2020-04-08,"Zacks.com featured highlights include: Kala Pharmaceuticals, Unicharm and Capcom"
2020-04-07,Has Kala Pharmaceuticals (KALA) Outpaced Other Medical Stocks This Year?
2020-04-03,Kala Pharmaceuticals Announces Exercise of Underwriters Option to Purchase Additional Shares
2020-03-20,13D Filings
2020-03-15,"Insiders Roundup: Masimo, Hertz"
2020-03-11,"Biotech Stock Roundup: NVAX, CANF Up on Coronavirus Treatment Updates & More"
2020-03-11,Oppenheimer: These 3 Stocks Are Ripe for Double-Digit Gains
2020-03-10,"Kala Pharmaceuticals Announces Pricing of Public Offering of 16,000,000 Shares of Common Stock"
2020-03-10,Kala Pharmaceuticals Announces Proposed Public Offering of Common Stock
2020-03-10,Is Kala Pharmaceuticals (KALA) Outperforming Other Medical Stocks This Year?
2020-03-10,"Kala Pharmaceuticals, Inc. (KALA) Shares March Higher, Can It Continue?"
2020-03-10,Top Ranked Momentum Stocks to Buy for March 10th
2020-03-09,Kala Pharmaceuticals Announces Statistically Significant Results for Primary and Key Secondary Endpoints in STRIDE 3 Clinical Trial Evaluating EYSUVIS for Signs and Symptoms of Dry Eye Disease
2020-03-06,Implied Volatility Surging for Kala Pharmaceuticals (KALA) Stock Options
2020-02-20,Kala Pharmaceuticals Reports Inducement Grant Under NASDAQ Listing Rule 5635(c)(4)
2020-02-12,Has Kala Pharmaceuticals (KALA) Outpaced Other Medical Stocks This Year?
2020-02-12,"Kala Pharmaceuticals (KALA) Reports Q4 Loss, Lags Revenue Estimates"
2020-02-12,Kala Pharmaceuticals Reports Fourth Quarter and Full Year 2019 Financial Results
2020-02-09,The Week Ahead In Biotech: SMID-Cap Earnings In The Spotlight
2020-02-06,Biogen Soars on Patent Win for MS Drug Tecfidera Over Mylan
2020-02-06,Kala Pharmaceuticals to Report Fourth Quarter and Full Year 2019 Financial Results and Host Conference Call
2020-02-03,Aimmune's Palforzia Wins FDA Approval for Peanut Allergy
2020-01-30,Intercept (ICPT) Concludes Enrollment in Study on NASH Drug
2020-01-22,"Biotech Stock Roundup: Updates From HZNP &amp; CLVS, BioNTech to Acquire Neon"
2020-01-22,3 Healthcare Stocks With Important Catalysts in Q1
2020-01-15,Kala Pharmaceuticals Announces Completion of Enrollment of STRIDE 3 Trial for EYSUVIS (KPI-121 0.25%) for Dry Eye Disease
2020-01-14,Investors Who Bought Kala Pharmaceuticals (NASDAQ:KALA) Shares A Year Ago Are Now Down 13%
2020-01-08,Kala Pharmaceuticals to Present at 38th Annual J.P. Morgan Healthcare Conference
2019-12-19,"Is Kala Pharmaceuticals, Inc. (KALA) A Good Stock To Buy?"
2019-12-19,Kala Pharmaceuticals Reports Inducement Grant Under NASDAQ Listing Rule 5635(c)(4)
2019-12-12,3 Biotech Stocks That Offer the Highest Upside on Wall Street
2019-11-19,Kala Pharmaceuticals Reports Inducement Grant Under NASDAQ Listing Rule 5635(c)(4)
2019-11-07,"Kala Pharmaceuticals (KALA) Reports Q3 Loss, Misses Revenue Estimates"
2019-11-07,Kala Pharmaceuticals Reports Third Quarter 2019 Financial Results
2019-11-04,Kala Pharmaceuticals to Report Third Quarter 2019 Financial Results and Host Conference Call
2019-10-21,Kala Pharmaceuticals Reports Inducement Grant Under NASDAQ Listing Rule 5635(c)(4)
2019-10-11,"What Kind Of Shareholders Own Kala Pharmaceuticals, Inc. (NASDAQ:KALA)?"
2019-09-25,Implied Volatility Surging for Kala Pharmaceuticals (KALA) Stock Options
2019-09-19,Kala Pharmaceuticals Reports Inducement Grant Under NASDAQ Listing Rule 5635(c)(4)
2019-08-29,Kala Pharmaceuticals to Present at Two Upcoming Investor Conferences in September
